timestamp,close_settlement,close_quote
2025-06-10 07:15:00+00:00,85824.14,9384014932.59431
2025-06-10 07:20:00+00:00,85844.258,9387730613.0866
2025-06-10 07:25:00+00:00,85865.255,9394824528.10353
2025-06-10 07:30:00+00:00,85860.764,9377738402.3092
2025-06-10 07:35:00+00:00,85868.367,9371873858.92331
2025-06-10 07:40:00+00:00,85934.316,9379902622.87151
2025-06-10 07:45:00+00:00,86017.453,9388337561.1511
2025-06-10 07:50:00+00:00,86060.162,9399496078.76476
2025-06-10 07:55:00+00:00,86108.342,9401145173.7102
2025-06-10 08:00:00+00:00,86070.553,9400957703.55207
2025-06-10 08:05:00+00:00,86054.32,9409377273.736
2025-06-10 08:10:00+00:00,86108.33,9403554896.813
2025-06-10 08:15:00+00:00,86090.871,9397722523.7955
2025-06-10 08:20:00+00:00,86062.963,9400149677.0083
2025-06-10 08:25:00+00:00,86113.228,9401575282.0332
2025-06-10 08:30:00+00:00,86180.737,9405239933.6843
2025-06-10 08:35:00+00:00,86185.709,9413547879.816
2025-06-10 08:40:00+00:00,86232.949,9418190223.882
2025-06-10 08:45:00+00:00,86370.825,9428803485.99319
2025-06-10 08:50:00+00:00,86203.892,9400824915.10534
2025-06-10 08:55:00+00:00,86179.504,9397116217.44654
2025-06-10 09:00:00+00:00,86230.274,9404265059.4126
2025-06-10 09:05:00+00:00,86257.208,9409013880.1272
2025-06-10 09:10:00+00:00,86262.652,9413670687.456
2025-06-10 09:15:00+00:00,86263.309,9410800805.7151
2025-06-10 09:20:00+00:00,86315.107,9436243705.5824
2025-06-10 09:25:00+00:00,86317.047,9429654009.2868
2025-06-10 09:30:00+00:00,86322.422,9442199336.71759
2025-06-10 09:35:00+00:00,86527.937,9464417885.02901
2025-06-10 09:40:00+00:00,86517.478,9458315640.4028
2025-06-10 09:45:00+00:00,86507.655,9456543246.5479
2025-06-10 09:50:00+00:00,86471.349,9457400852.60706
2025-06-10 09:55:00+00:00,86438.283,9462887320.59847
2025-06-10 10:00:00+00:00,86405.586,9452048534.4869
2025-06-10 10:05:00+00:00,86437.192,9456983432.17741
2025-06-10 10:10:00+00:00,86440.414,9462718560.994
2025-06-10 10:15:00+00:00,86525.474,9466630974.6764
2025-06-10 10:20:00+00:00,86535.184,9464673254.2608
2025-06-10 10:25:00+00:00,86542.172,9465002079.66161
2025-06-10 10:30:00+00:00,86546.553,9461243209.9941
2025-06-10 10:35:00+00:00,86595.174,9461150780.64525
2025-06-10 10:40:00+00:00,86572.528,9456835591.47001
2025-06-10 10:45:00+00:00,86546.732,9455178542.9608
2025-06-10 10:50:00+00:00,86534.914,9455375834.0724
2025-06-10 10:55:00+00:00,86506.121,9452394082.4885
2025-06-10 11:00:00+00:00,86497.93,9449049158.88843
2025-06-10 11:05:00+00:00,86486.397,9446390225.928
2025-06-10 11:10:00+00:00,86448.497,9457456926.9503
2025-06-10 11:15:00+00:00,86403.675,9469854163.99696
2025-06-10 11:20:00+00:00,86221.035,9442617357.474
2025-06-10 11:25:00+00:00,86189.393,9453657714.3871
2025-06-10 11:30:00+00:00,86042.837,9444130623.3896
2025-06-10 11:35:00+00:00,86071.267,9450220581.6451
2025-06-10 11:40:00+00:00,85872.26,9418853388.65039
2025-06-10 11:45:00+00:00,85748.625,9394804160.99568
2025-06-10 11:50:00+00:00,85802.354,9397314056.6712
2025-06-10 11:55:00+00:00,85673.698,9380905565.41877
2025-06-10 12:00:00+00:00,85634.427,9377132461.9113
2025-06-10 12:05:00+00:00,85690.38,9377364301.42288
2025-06-10 12:10:00+00:00,85653.373,9371755241.4577
2025-06-10 12:15:00+00:00,85650.843,9380365264.31381
2025-06-10 12:20:00+00:00,85649.089,9374164317.4165
2025-06-10 12:25:00+00:00,85640.8,9372237019.75019
2025-06-10 12:30:00+00:00,85635.136,9371386909.5104
2025-06-10 12:35:00+00:00,85640.302,9369896877.7898
2025-06-10 12:40:00+00:00,85586.808,9375350121.936
2025-06-10 12:45:00+00:00,85507.354,9370404788.30261
2025-06-10 12:50:00+00:00,85526.345,9373713954.29551
2025-06-10 12:55:00+00:00,85678.398,9394333560.38105
2025-06-10 13:00:00+00:00,85669.648,9388595608.54555
2025-06-10 13:05:00+00:00,85701.224,9393670058.34556
2025-06-10 13:10:00+00:00,85795.428,9414886491.3561
2025-06-10 13:15:00+00:00,85758.721,9414740007.60747
2025-06-10 13:20:00+00:00,85710.598,9401967804.9987
2025-06-10 13:25:00+00:00,85671.307,9395374880.55549
2025-06-10 13:30:00+00:00,85807.078,9384634313.782
2025-06-10 13:35:00+00:00,85824.098,9388582233.85803
2025-06-10 13:40:00+00:00,85559.822,9322418529.4938
2025-06-10 13:45:00+00:00,85746.256,9343769516.32
2025-06-10 13:50:00+00:00,85650.281,9347040860.6143
2025-06-10 13:55:00+00:00,85646.752,9358363650.784
2025-06-10 14:00:00+00:00,85639.231,9343068823.638
2025-06-10 14:05:00+00:00,85518.855,9311703687.51644
2025-06-10 14:10:00+00:00,85551.151,9329264241.11214
2025-06-10 14:15:00+00:00,85468.615,9311181683.3605
2025-06-10 14:20:00+00:00,85437.237,9318643500.64487
2025-06-10 14:25:00+00:00,85219.421,9269358570.89286
2025-06-10 14:30:00+00:00,85156.142,9250767173.886
2025-06-10 14:35:00+00:00,85186.548,9259769248.9452
2025-06-10 14:40:00+00:00,85203.814,9250365076.445
2025-06-10 14:45:00+00:00,85202.333,9256194011.9874
2025-06-10 14:50:00+00:00,85170.237,9252402070.22551
2025-06-10 14:55:00+00:00,85142.592,9247017843.7137
2025-06-10 15:00:00+00:00,85123.158,9244213224.7998
2025-06-10 15:05:00+00:00,85080.305,9259170480.723
2025-06-10 15:10:00+00:00,84992.313,9270417551.2368
2025-06-10 15:15:00+00:00,84988.018,9259079112.6226
2025-06-10 15:20:00+00:00,84980.594,9265068747.2658
2025-06-10 15:25:00+00:00,84982.4,9265700195.63718
2025-06-10 15:30:00+00:00,84852.424,9199454793.17163
2025-06-10 15:35:00+00:00,84858.543,9222341594.697
2025-06-10 15:40:00+00:00,84866.927,9229128739.44062
2025-06-10 15:45:00+00:00,84861.69,9224949430.26707
2025-06-10 15:50:00+00:00,84843.364,9240878998.43036
2025-06-10 15:55:00+00:00,84897.458,9251291247.81223
2025-06-10 16:00:00+00:00,84875.186,9262235857.80327
2025-06-10 16:05:00+00:00,84755.341,9242722495.6638
2025-06-10 16:10:00+00:00,84717.577,9240687224.06978
2025-06-10 16:15:00+00:00,84712.802,9236803270.12118
2025-06-10 16:20:00+00:00,84681.673,9213075076.4215
2025-06-10 16:25:00+00:00,84657.326,9224296103.8904
2025-06-10 16:30:00+00:00,84664.867,9224742942.96117
2025-06-10 16:35:00+00:00,84682.69,9212756869.135
2025-06-10 16:40:00+00:00,84651.24,9213874737.7592
2025-06-10 16:45:00+00:00,84612.931,9199837068.2335
2025-06-10 16:50:00+00:00,84571.132,9188470894.14627
2025-06-10 16:55:00+00:00,84567.021,9190777669.0884
2025-06-10 17:00:00+00:00,84551.697,9194151531.78
2025-06-10 17:05:00+00:00,84506.441,9202041570.7956
2025-06-10 17:10:00+00:00,84511.649,9202262180.4875
2025-06-10 17:15:00+00:00,84552.096,9208788610.8096
2025-06-10 17:20:00+00:00,84544.428,9203523340.9656
2025-06-10 17:25:00+00:00,84573.355,9202934004.93817
2025-06-10 17:30:00+00:00,84576.998,9206510709.4928
2025-06-10 17:35:00+00:00,84565.068,9194339952.64697
2025-06-10 17:40:00+00:00,84556.395,9190994522.15418
2025-06-10 17:45:00+00:00,84546.007,9190097950.55361
2025-06-10 17:50:00+00:00,84488.626,9191999207.7082
2025-06-10 17:55:00+00:00,84447.763,9176769509.684
2025-06-10 18:00:00+00:00,84331.803,9158096478.588
2025-06-10 18:05:00+00:00,84286.583,9162322433.0652
2025-06-10 18:10:00+00:00,84286.033,9159826779.2915
2025-06-10 18:15:00+00:00,84250.689,9170070398.28942
2025-06-10 18:20:00+00:00,84246.909,9168597985.59912
2025-06-10 18:25:00+00:00,84226.954,9171179911.87073
2025-06-10 18:30:00+00:00,84200.748,9163789222.25318
2025-06-10 18:35:00+00:00,84185.861,9164775897.5596
2025-06-10 18:40:00+00:00,84137.067,9175063204.62854
2025-06-10 18:45:00+00:00,84125.893,9181228030.8621
2025-06-10 18:50:00+00:00,84216.852,9198829888.5708
2025-06-10 18:55:00+00:00,84098.279,9188611602.8516
2025-06-10 19:00:00+00:00,84073.198,9191714330.0202
2025-06-10 19:05:00+00:00,84094.801,9201965742.35806
2025-06-10 19:10:00+00:00,84246.177,9221525765.42338
2025-06-10 19:15:00+00:00,84240.795,9227778804.6975
2025-06-10 19:20:00+00:00,84334.637,9255709543.8226
2025-06-10 19:25:00+00:00,84600.424,9305034269.33246
2025-06-10 19:30:00+00:00,85070.509,9375493191.1265
2025-06-10 19:35:00+00:00,85215.732,9398511254.8656
2025-06-10 19:40:00+00:00,85222.257,9367962856.2423
2025-06-10 19:45:00+00:00,84999.721,9322556899.9775
2025-06-10 19:50:00+00:00,84740.021,9272942901.54806
2025-06-10 19:55:00+00:00,84583.239,9259014610.68015
2025-06-10 20:00:00+00:00,84441.126,9236089235.68039
2025-06-10 20:05:00+00:00,84389.912,9228005837.30595
2025-06-10 20:10:00+00:00,84362.257,9226493584.60963
2025-06-10 20:15:00+00:00,84317.647,9218954252.392
2025-06-10 20:20:00+00:00,84347.416,9239601512.9552
2025-06-10 20:25:00+00:00,84345.234,9234864589.43915
2025-06-10 20:30:00+00:00,84345.812,9236770256.38668
2025-06-10 20:35:00+00:00,84315.153,9247441467.0963
2025-06-10 20:40:00+00:00,84313.936,9244930337.0704
2025-06-10 20:45:00+00:00,84279.746,9244350359.629
2025-06-10 20:50:00+00:00,84262.94,9255239098.544
2025-06-10 20:55:00+00:00,84218.247,9257833972.4949
2025-06-10 21:00:00+00:00,84160.137,9237458717.1885
2025-06-10 21:05:00+00:00,84179.219,9242263737.9013
2025-06-10 21:10:00+00:00,84214.673,9239129058.39367
2025-06-10 21:15:00+00:00,84083.367,9219388041.4086
2025-06-10 21:20:00+00:00,84057.879,9210067295.12073
2025-06-10 21:25:00+00:00,84049.162,9223650635.57924
2025-06-10 21:30:00+00:00,84042.746,9223027243.19575
2025-06-10 21:35:00+00:00,84033.761,9228016203.4452
2025-06-10 21:40:00+00:00,84058.289,9229791554.66657
2025-06-10 21:45:00+00:00,84071.78,9229980103.682
2025-06-10 21:50:00+00:00,84064.481,9227834068.51944
2025-06-10 21:55:00+00:00,84065.927,9231556861.4291
2025-06-10 22:00:00+00:00,84109.731,9242658531.1011
2025-06-10 22:05:00+00:00,84153.986,9261137743.9014
2025-06-10 22:10:00+00:00,84205.685,9260657747.18332
2025-06-10 22:15:00+00:00,84236.171,9264860300.45171
2025-06-10 22:20:00+00:00,84250.581,9259400028.7011
2025-06-10 22:25:00+00:00,84277.294,9262847969.58509
2025-06-10 22:30:00+00:00,84275.539,9259841264.76097
2025-06-10 22:35:00+00:00,84195.88,9242762699.172
2025-06-10 22:40:00+00:00,84192.585,9238056646.9005
2025-06-10 22:45:00+00:00,84230.513,9241519194.821
2025-06-10 22:50:00+00:00,84236.752,9242058281.37977
2025-06-10 22:55:00+00:00,84233.978,9239219494.97761
2025-06-10 23:00:00+00:00,84244.833,9253342938.4371
2025-06-10 23:05:00+00:00,84271.419,9233573505.33978
2025-06-10 23:10:00+00:00,84261.012,9239076722.0796
2025-06-10 23:15:00+00:00,84254.575,9239786392.8325
2025-06-10 23:20:00+00:00,84208.928,9235580494.8288
2025-06-10 23:25:00+00:00,84206.885,9241149863.309
2025-06-10 23:30:00+00:00,84294.508,9266778107.94248
2025-06-10 23:35:00+00:00,84341.278,9277430936.3386
2025-06-10 23:40:00+00:00,84355.834,9290268274.5046
2025-06-10 23:45:00+00:00,84426.17,9298529511.46
2025-06-10 23:50:00+00:00,84484.162,9308887389.97
2025-06-10 23:55:00+00:00,84484.183,9313147706.6782
2025-06-11 00:00:00+00:00,84588.569,9321533420.9465
2025-06-11 00:05:00+00:00,84577.995,9310514996.35958
2025-06-11 00:10:00+00:00,84596.33,9300699197.99763
2025-06-11 00:15:00+00:00,84639.185,9304699580.09326
2025-06-11 00:20:00+00:00,84650.061,9295355478.3612
2025-06-11 00:25:00+00:00,84643.839,9293900250.04444
2025-06-11 00:30:00+00:00,84615.734,9293143737.65642
2025-06-11 00:35:00+00:00,84639.881,9304230021.05658
2025-06-11 00:40:00+00:00,84652.691,9301440953.30594
2025-06-11 00:45:00+00:00,84641.696,9309789241.05042
2025-06-11 00:50:00+00:00,84645.702,9302554185.2298
2025-06-11 00:55:00+00:00,84669.847,9295275945.2622
2025-06-11 01:00:00+00:00,84769.551,9303780346.5438
2025-06-11 01:05:00+00:00,84823.909,9299499615.397
2025-06-11 01:10:00+00:00,84810.038,9310420528.6286
2025-06-11 01:15:00+00:00,84824.765,9302536880.5905
2025-06-11 01:20:00+00:00,84786.213,9287526451.60548
2025-06-11 01:25:00+00:00,84812.744,9302732254.16394
2025-06-11 01:30:00+00:00,84828.806,9295625390.286
2025-06-11 01:35:00+00:00,84841.198,9298812959.35615
2025-06-11 01:40:00+00:00,84819.471,9300446513.2029
2025-06-11 01:45:00+00:00,84811.961,9294661542.7354
2025-06-11 01:50:00+00:00,84828.038,9297749049.88594
2025-06-11 01:55:00+00:00,84822.884,9293914182.97262
2025-06-11 02:00:00+00:00,84818.158,9299860983.54859
2025-06-11 02:05:00+00:00,84776.977,9310462297.11079
2025-06-11 02:10:00+00:00,84798.726,9303268229.46
2025-06-11 02:15:00+00:00,84797.067,9294055332.9345
2025-06-11 02:20:00+00:00,84785.012,9287477234.10118
2025-06-11 02:25:00+00:00,84779.366,9287282031.15986
2025-06-11 02:30:00+00:00,84769.062,9291109638.69109
2025-06-11 02:35:00+00:00,84767.012,9290938296.15071
2025-06-11 02:40:00+00:00,84772.676,9288500403.92785
2025-06-11 02:45:00+00:00,84758.577,9285494981.87044
2025-06-11 02:50:00+00:00,84766.57,9292378838.85726
2025-06-11 02:55:00+00:00,84758.609,9293120359.6998
2025-06-11 03:00:00+00:00,84747.138,9294606279.9772
2025-06-11 03:05:00+00:00,84773.213,9302070011.04784
2025-06-11 03:10:00+00:00,84765.078,9303484377.4758
2025-06-11 03:15:00+00:00,84768.782,9300567977.8158
2025-06-11 03:20:00+00:00,84737.546,9304550209.34008
2025-06-11 03:25:00+00:00,84774.19,9301216687.42844
2025-06-11 03:30:00+00:00,84763.452,9302771904.3096
2025-06-11 03:35:00+00:00,84785.686,9298806938.72712
2025-06-11 03:40:00+00:00,84786.44,9291423771.128
2025-06-11 03:45:00+00:00,84999.08,9318071355.21366
2025-06-11 03:50:00+00:00,85001.469,9323250124.9146
2025-06-11 03:55:00+00:00,85133.124,9336240316.18308
2025-06-11 04:00:00+00:00,85140.532,9334804123.99406
2025-06-11 04:05:00+00:00,85211.522,9338736957.65652
2025-06-11 04:10:00+00:00,85212.014,9334285916.3866
2025-06-11 04:15:00+00:00,85210.54,9338819552.38
2025-06-11 04:20:00+00:00,85220.069,9340912109.0417
2025-06-11 04:25:00+00:00,85220.273,9342802175.05951
2025-06-11 04:30:00+00:00,85219.663,9345256420.3104
2025-06-11 04:35:00+00:00,85196.512,9336813544.848
2025-06-11 04:40:00+00:00,85208.634,9335168231.6844
2025-06-11 04:45:00+00:00,85191.217,9331166524.42325
2025-06-11 04:50:00+00:00,85190.853,9331088431.76011
2025-06-11 04:55:00+00:00,85189.79,9330146210.70492
2025-06-11 05:00:00+00:00,85175.439,9325841781.0222
2025-06-11 05:05:00+00:00,85165.749,9319960443.4668
2025-06-11 05:10:00+00:00,85205.52,9324781615.45494
2025-06-11 05:15:00+00:00,85227.696,9324537523.64152
2025-06-11 05:20:00+00:00,85239.216,9335258952.52609
2025-06-11 05:25:00+00:00,85213.893,9338880261.1062
2025-06-11 05:30:00+00:00,85227.526,9332414097.0
2025-06-11 05:35:00+00:00,85241.578,9331839900.28493
2025-06-11 05:40:00+00:00,85239.707,9331000353.52223
2025-06-11 05:45:00+00:00,85248.516,9329825646.26392
2025-06-11 05:50:00+00:00,85258.515,9334102222.2
2025-06-11 05:55:00+00:00,85250.509,9328664823.0885
2025-06-11 06:00:00+00:00,85239.227,9335480525.9544
2025-06-11 06:05:00+00:00,85251.052,9335935578.53607
2025-06-11 06:10:00+00:00,85267.378,9338278694.16846
2025-06-11 06:15:00+00:00,85263.43,9330942386.46304
2025-06-11 06:20:00+00:00,85270.921,9338482648.68202
2025-06-11 06:25:00+00:00,85252.63,9328282033.02782
2025-06-11 06:30:00+00:00,85264.13,9327544651.17691
2025-06-11 06:35:00+00:00,85298.42,9331854428.72376
2025-06-11 06:40:00+00:00,85291.823,9331513949.7787
2025-06-11 06:45:00+00:00,85310.051,9329071675.42239
2025-06-11 06:50:00+00:00,85239.622,9333474366.1718
2025-06-11 06:55:00+00:00,85165.068,9330042847.71764
2025-06-11 07:00:00+00:00,85124.984,9336677554.39564
2025-06-11 07:05:00+00:00,85191.877,9334354694.2622
2025-06-11 07:10:00+00:00,85160.866,9339248031.13834
2025-06-11 07:15:00+00:00,85154.925,9332102684.2725
2025-06-11 07:20:00+00:00,85167.006,9332345016.462
2025-06-11 07:25:00+00:00,85168.374,9332196828.489
2025-06-11 07:30:00+00:00,85157.868,9322154214.78939
2025-06-11 07:35:00+00:00,85133.706,9323029971.4949
2025-06-11 07:40:00+00:00,85149.216,9320689853.64005
2025-06-11 07:45:00+00:00,85145.836,9320461675.64746
2025-06-11 07:50:00+00:00,85137.073,9318405886.5814
2025-06-11 07:55:00+00:00,85155.162,9315710741.7978
2025-06-11 08:00:00+00:00,85126.163,9317522972.34855
2025-06-11 08:05:00+00:00,85129.95,9319532119.26912
2025-06-11 08:10:00+00:00,85096.268,9319496166.59682
2025-06-11 08:15:00+00:00,85075.799,9309642913.44191
2025-06-11 08:20:00+00:00,85019.541,9305142241.51396
2025-06-11 08:25:00+00:00,85027.649,9309927561.42508
2025-06-11 08:30:00+00:00,85054.757,9318352518.1247
2025-06-11 08:35:00+00:00,85063.122,9318537420.417
2025-06-11 08:40:00+00:00,85047.354,9316512657.39225
2025-06-11 08:45:00+00:00,85021.449,9311207778.95332
2025-06-11 08:50:00+00:00,84980.779,9311590399.2891
2025-06-11 08:55:00+00:00,84970.566,9306154826.5086
2025-06-11 09:00:00+00:00,84910.126,9291502812.865
2025-06-11 09:05:00+00:00,84887.43,9289638924.564
2025-06-11 09:10:00+00:00,84894.697,9291062408.0134
2025-06-11 09:15:00+00:00,84887.707,9289850061.12228
2025-06-11 09:20:00+00:00,84869.317,9290890253.0093
2025-06-11 09:25:00+00:00,84876.217,9287367854.6825
2025-06-11 09:30:00+00:00,84884.961,9281363176.47143
2025-06-11 09:35:00+00:00,84837.876,9269057667.20264
2025-06-11 09:40:00+00:00,84921.584,9276182785.45195
2025-06-11 09:45:00+00:00,84927.813,9274439905.2894
2025-06-11 09:50:00+00:00,84923.958,9274783240.2624
2025-06-11 09:55:00+00:00,84862.097,9268341217.0005
2025-06-11 10:00:00+00:00,84806.346,9261732481.54587
2025-06-11 10:05:00+00:00,84675.177,9254281143.58574
2025-06-11 10:10:00+00:00,84702.258,9252569735.7912
2025-06-11 10:15:00+00:00,84705.875,9254845314.275
2025-06-11 10:20:00+00:00,84713.01,9250325145.91571
2025-06-11 10:25:00+00:00,84710.777,9256220829.38465
2025-06-11 10:30:00+00:00,84693.812,9255838225.30935
2025-06-11 10:35:00+00:00,84712.52,9258148641.50956
2025-06-11 10:40:00+00:00,84717.364,9255787132.0836
2025-06-11 10:45:00+00:00,84761.364,9271061679.68314
2025-06-11 10:50:00+00:00,84736.154,9265152761.7448
2025-06-11 10:55:00+00:00,84743.705,9264393689.8625
2025-06-11 11:00:00+00:00,84723.521,9261612107.21312
2025-06-11 11:05:00+00:00,84758.341,9259310098.1023
2025-06-11 11:10:00+00:00,84742.035,9258579146.91256
2025-06-11 11:15:00+00:00,84743.061,9256323541.2141
2025-06-11 11:20:00+00:00,84715.804,9251015094.64523
2025-06-11 11:25:00+00:00,84720.865,9253233568.54326
2025-06-11 11:30:00+00:00,84735.131,9255022864.57633
2025-06-11 11:35:00+00:00,84798.564,9257433792.3108
2025-06-11 11:40:00+00:00,84794.751,9259446003.21518
2025-06-11 11:45:00+00:00,84811.202,9259627666.5186
2025-06-11 11:50:00+00:00,84813.794,9260245267.81217
2025-06-11 11:55:00+00:00,84807.217,9261238642.85288
2025-06-11 12:00:00+00:00,84991.889,9290871347.6572
2025-06-11 12:05:00+00:00,84859.422,9273826068.17357
2025-06-11 12:10:00+00:00,84779.653,9269815736.9853
2025-06-11 12:15:00+00:00,84771.383,9250712044.69905
2025-06-11 12:20:00+00:00,84772.853,9246715286.18686
2025-06-11 12:25:00+00:00,84724.839,9255847874.28377
2025-06-11 12:30:00+00:00,84524.097,9275028863.62644
2025-06-11 12:35:00+00:00,84399.618,9239614420.7028
2025-06-11 12:40:00+00:00,84625.377,9290521480.89029
2025-06-11 12:45:00+00:00,84671.818,9273867144.4496
2025-06-11 12:50:00+00:00,84692.624,9277286252.9054
2025-06-11 12:55:00+00:00,84715.69,9290468727.14676
2025-06-11 13:00:00+00:00,84733.5,9285698537.85
2025-06-11 13:05:00+00:00,84765.767,9295168299.05993
2025-06-11 13:10:00+00:00,84847.827,9296309741.3415
2025-06-11 13:15:00+00:00,84839.99,9306471799.056
2025-06-11 13:20:00+00:00,84879.779,9315182592.21431
2025-06-11 13:25:00+00:00,84838.853,9311166522.4708
2025-06-11 13:30:00+00:00,84739.954,9267322375.3526
2025-06-11 13:35:00+00:00,84590.908,9287343196.17314
2025-06-11 13:40:00+00:00,84614.854,9277688743.1694
2025-06-11 13:45:00+00:00,84597.504,9277786929.47707
2025-06-11 13:50:00+00:00,84581.383,9273502832.12
2025-06-11 13:55:00+00:00,84604.532,9274493798.05323
2025-06-11 14:00:00+00:00,84660.644,9278205491.8276
2025-06-11 14:05:00+00:00,84639.788,9294141034.15958
2025-06-11 14:10:00+00:00,84823.693,9325644043.9595
2025-06-11 14:15:00+00:00,84925.073,9362118963.64006
2025-06-11 14:20:00+00:00,84920.775,9363593937.5925
2025-06-11 14:25:00+00:00,85263.313,9395249722.783
2025-06-11 14:30:00+00:00,85423.915,9423735658.2295
2025-06-11 14:35:00+00:00,85561.496,9399218433.24687
2025-06-11 14:40:00+00:00,85628.52,9420173868.81281
2025-06-11 14:45:00+00:00,85743.288,9414552747.66463
2025-06-11 14:50:00+00:00,85810.585,9429793834.118
2025-06-11 14:55:00+00:00,85818.081,9425494236.1191
2025-06-11 15:00:00+00:00,85794.805,9436939857.81719
2025-06-11 15:05:00+00:00,85842.693,9420207414.64055
2025-06-11 15:10:00+00:00,85753.746,9402589535.4144
2025-06-11 15:15:00+00:00,85692.872,9395674980.4192
2025-06-11 15:20:00+00:00,85692.618,9403909774.9326
2025-06-11 15:25:00+00:00,85660.111,9400207427.46317
2025-06-11 15:30:00+00:00,85652.973,9399215358.28236
2025-06-11 15:35:00+00:00,85628.709,9399311364.01575
2025-06-11 15:40:00+00:00,85632.098,9393112338.2964
2025-06-11 15:45:00+00:00,85602.346,9399736807.222
2025-06-11 15:50:00+00:00,85578.353,9392463431.38616
2025-06-11 15:55:00+00:00,85478.787,9376586992.0863
2025-06-11 16:00:00+00:00,85450.476,9373925762.2476
2025-06-11 16:05:00+00:00,85253.947,9332357409.9338
2025-06-11 16:10:00+00:00,85069.369,9308038154.27384
2025-06-11 16:15:00+00:00,85146.011,9323990565.9649
2025-06-11 16:20:00+00:00,85027.883,9312245243.3717
2025-06-11 16:25:00+00:00,85107.815,9325967165.7168
2025-06-11 16:30:00+00:00,85118.636,9318946921.16511
2025-06-11 16:35:00+00:00,85117.748,9319454543.36196
2025-06-11 16:40:00+00:00,85120.857,9316322936.71289
2025-06-11 16:45:00+00:00,85145.803,9313278261.93841
2025-06-11 16:50:00+00:00,85196.453,9324436553.9739
2025-06-11 16:55:00+00:00,85183.28,9319033795.344
2025-06-11 17:00:00+00:00,85145.837,9312986506.92358
2025-06-11 17:05:00+00:00,85026.05,9308975052.99
2025-06-11 17:10:00+00:00,85025.45,9311987284.0
2025-06-11 17:15:00+00:00,85020.118,9310884700.6402
2025-06-11 17:20:00+00:00,85003.908,9322888613.808
2025-06-11 17:25:00+00:00,84999.259,9319038259.2053
2025-06-11 17:30:00+00:00,84987.491,9307960421.15824
2025-06-11 17:35:00+00:00,84999.908,9298577351.49796
2025-06-11 17:40:00+00:00,84888.882,9273308561.17184
2025-06-11 17:45:00+00:00,84721.441,9241128764.38849
2025-06-11 17:50:00+00:00,84702.15,9241487367.255
2025-06-11 17:55:00+00:00,84576.101,9212595580.7967
2025-06-11 18:00:00+00:00,84399.383,9178852157.93732
2025-06-11 18:05:00+00:00,84398.024,9201909082.17696
2025-06-11 18:10:00+00:00,84476.684,9186340972.5644
2025-06-11 18:15:00+00:00,84041.226,9119918530.0872
2025-06-11 18:20:00+00:00,83738.411,9099144563.52343
2025-06-11 18:25:00+00:00,83627.07,9075644497.164
2025-06-11 18:30:00+00:00,83735.845,9098830746.74807
2025-06-11 18:35:00+00:00,83745.606,9103733591.442
2025-06-11 18:40:00+00:00,83754.005,9109571357.029
2025-06-11 18:45:00+00:00,83656.275,9100242502.5861
2025-06-11 18:50:00+00:00,83631.713,9099122011.2287
2025-06-11 18:55:00+00:00,83680.177,9100255005.95656
2025-06-11 19:00:00+00:00,83696.684,9095394166.52292
2025-06-11 19:05:00+00:00,83590.918,9091590655.3422
2025-06-11 19:10:00+00:00,83587.568,9093503848.65228
2025-06-11 19:15:00+00:00,83578.588,9086839626.92344
2025-06-11 19:20:00+00:00,83592.046,9095454306.56086
2025-06-11 19:25:00+00:00,83639.58,9102026809.13462
2025-06-11 19:30:00+00:00,83613.137,9080609034.31092
2025-06-11 19:35:00+00:00,83651.797,9089018699.441
2025-06-11 19:40:00+00:00,83620.618,9082048334.59003
2025-06-11 19:45:00+00:00,83586.079,9075759740.6042
2025-06-11 19:50:00+00:00,83580.126,9081032465.06251
2025-06-11 19:55:00+00:00,83572.071,9082117932.04243
2025-06-11 20:00:00+00:00,83528.204,9062801781.1796
2025-06-11 20:05:00+00:00,83514.516,9072875043.5628
2025-06-11 20:10:00+00:00,83459.339,9082780603.30363
2025-06-11 20:15:00+00:00,83523.043,9092647589.58302
2025-06-11 20:20:00+00:00,83523.537,9088798153.09624
2025-06-11 20:25:00+00:00,83514.731,9085442313.3935
2025-06-11 20:30:00+00:00,83493.312,9084714604.59206
2025-06-11 20:35:00+00:00,83487.104,9084665919.1808
2025-06-11 20:40:00+00:00,83508.348,9089369445.98271
2025-06-11 20:45:00+00:00,83522.725,9083597602.35806
2025-06-11 20:50:00+00:00,83533.042,9088720748.4638
2025-06-11 20:55:00+00:00,83444.828,9082276935.7276
2025-06-11 21:00:00+00:00,83437.833,9084786351.0897
2025-06-11 21:05:00+00:00,83428.041,9086156288.1141
2025-06-11 21:10:00+00:00,83386.011,9102739969.46515
2025-06-11 21:15:00+00:00,83361.93,9089164055.14624
2025-06-11 21:20:00+00:00,83341.817,9084349267.90093
2025-06-11 21:25:00+00:00,83299.423,9062770303.74778
2025-06-11 21:30:00+00:00,83303.034,9047979276.92525
2025-06-11 21:35:00+00:00,83270.514,9035323391.01612
2025-06-11 21:40:00+00:00,83308.235,9051507716.49515
2025-06-11 21:45:00+00:00,83316.918,9049296266.69876
2025-06-11 21:50:00+00:00,83302.864,9057778641.5984
2025-06-11 21:55:00+00:00,83308.847,9036069097.2009
2025-06-11 22:00:00+00:00,83314.014,9037346034.8262
2025-06-11 22:05:00+00:00,83248.335,9033826269.861
2025-06-11 22:10:00+00:00,83211.259,9034108695.19589
2025-06-11 22:15:00+00:00,83124.967,9008652640.41071
2025-06-11 22:20:00+00:00,82936.426,8970718994.5788
2025-06-11 22:25:00+00:00,82799.151,8964386912.8116
2025-06-11 22:30:00+00:00,82764.926,8955570541.3374
2025-06-11 22:35:00+00:00,82761.923,8947457705.0684
2025-06-11 22:40:00+00:00,82702.648,8954389374.5208
2025-06-11 22:45:00+00:00,82582.035,8948315640.22434
2025-06-11 22:50:00+00:00,82553.711,8947344472.73639
2025-06-11 22:55:00+00:00,82548.986,8946485749.8094
2025-06-11 23:00:00+00:00,82489.249,8943459629.8053
2025-06-11 23:05:00+00:00,82440.938,8941240571.81671
2025-06-11 23:10:00+00:00,82394.45,8930118597.58819
2025-06-11 23:15:00+00:00,82361.758,8934145813.40465
2025-06-11 23:20:00+00:00,82256.015,8926881941.70597
2025-06-11 23:25:00+00:00,82245.938,8927229072.9278
2025-06-11 23:30:00+00:00,82205.988,8923927552.89254
2025-06-11 23:35:00+00:00,82199.433,8931402101.69782
2025-06-11 23:40:00+00:00,82223.697,8931532641.8856
2025-06-11 23:45:00+00:00,82258.442,8930112088.0204
2025-06-11 23:50:00+00:00,82256.655,8936287133.52928
2025-06-11 23:55:00+00:00,82260.702,8934935398.2648
2025-06-12 00:00:00+00:00,82353.007,8939764792.4794
2025-06-12 00:05:00+00:00,82423.952,8952494031.2704
2025-06-12 00:10:00+00:00,82467.436,8953909305.48968
2025-06-12 00:15:00+00:00,82434.362,8952350470.82033
2025-06-12 00:20:00+00:00,82336.582,8950961581.80562
2025-06-12 00:25:00+00:00,82533.327,8953393597.20665
2025-06-12 00:30:00+00:00,82585.433,8951831492.9484
2025-06-12 00:35:00+00:00,82575.703,8961610743.778
2025-06-12 00:40:00+00:00,82574.818,8970300658.9032
2025-06-12 00:45:00+00:00,82624.964,8976063225.60665
2025-06-12 00:50:00+00:00,82631.296,8983942407.35019
2025-06-12 00:55:00+00:00,82677.377,8984889535.8357
2025-06-12 01:00:00+00:00,82628.641,8963445283.87604
2025-06-12 01:05:00+00:00,82594.81,8970366270.189
2025-06-12 01:10:00+00:00,82579.925,8962952545.7475
2025-06-12 01:15:00+00:00,82553.835,8964570474.951
2025-06-12 01:20:00+00:00,82543.991,8946613008.526
2025-06-12 01:25:00+00:00,82536.803,8945028125.64375
2025-06-12 01:30:00+00:00,82397.53,8923743136.283
2025-06-12 01:35:00+00:00,82400.757,8927009610.7305
2025-06-12 01:40:00+00:00,82388.119,8934325976.11584
2025-06-12 01:45:00+00:00,82356.484,8920055488.9852
2025-06-12 01:50:00+00:00,82353.353,8929219946.3721
2025-06-12 01:55:00+00:00,82352.615,8933726968.861
2025-06-12 02:00:00+00:00,82402.021,8954223852.1671
2025-06-12 02:05:00+00:00,82441.196,8954451551.65458
2025-06-12 02:10:00+00:00,82496.697,8958935052.4575
2025-06-12 02:15:00+00:00,82499.655,8954438304.0105
2025-06-12 02:20:00+00:00,82509.108,8955758853.53741
2025-06-12 02:25:00+00:00,82514.431,8955579996.9385
2025-06-12 02:30:00+00:00,82510.287,8952357888.4713
2025-06-12 02:35:00+00:00,82518.294,8957832218.2901
2025-06-12 02:40:00+00:00,82508.389,8945625542.0912
2025-06-12 02:45:00+00:00,82493.136,8947947968.784
2025-06-12 02:50:00+00:00,82383.17,8935802726.79401
2025-06-12 02:55:00+00:00,82143.99,8899233444.63
2025-06-12 03:00:00+00:00,81975.829,8872543459.48049
2025-06-12 03:05:00+00:00,81841.993,8870689937.284
2025-06-12 03:10:00+00:00,81833.838,8860558809.45
2025-06-12 03:15:00+00:00,81821.571,8851187539.5957
2025-06-12 03:20:00+00:00,82032.82,8842883256.45212
2025-06-12 03:25:00+00:00,81928.16,8835856658.59652
2025-06-12 03:30:00+00:00,81881.635,8835110298.135
2025-06-12 03:35:00+00:00,81829.208,8830928209.54319
2025-06-12 03:40:00+00:00,81773.725,8830070883.86228
2025-06-12 03:45:00+00:00,81773.495,8824701195.818
2025-06-12 03:50:00+00:00,81804.772,8822170192.5224
2025-06-12 03:55:00+00:00,81741.025,8814544029.35908
2025-06-12 04:00:00+00:00,81774.339,8818494479.47323
2025-06-12 04:05:00+00:00,81797.92,8823148921.43919
2025-06-12 04:10:00+00:00,81795.194,8808827084.0778
2025-06-12 04:15:00+00:00,81673.898,8784868971.0494
2025-06-12 04:20:00+00:00,81707.587,8781294131.5814
2025-06-12 04:25:00+00:00,81719.897,8791432531.37403
2025-06-12 04:30:00+00:00,81729.387,8791589294.8965
2025-06-12 04:35:00+00:00,81893.21,8810071531.8
2025-06-12 04:40:00+00:00,81937.092,8813255215.29113
2025-06-12 04:45:00+00:00,81950.926,8824615028.2542
2025-06-12 04:50:00+00:00,81953.283,8827179916.6017
2025-06-12 04:55:00+00:00,81960.304,8829401261.62676
2025-06-12 05:00:00+00:00,82000.684,8820016011.2578
2025-06-12 05:05:00+00:00,81977.834,8818642525.799
2025-06-12 05:10:00+00:00,81991.671,8829018917.4549
2025-06-12 05:15:00+00:00,81967.204,8832794099.7604
2025-06-12 05:20:00+00:00,81904.375,8836859589.25
2025-06-12 05:25:00+00:00,81853.826,8825042971.29173
2025-06-12 05:30:00+00:00,81838.004,8817979460.5968
2025-06-12 05:35:00+00:00,81839.601,8821217010.88591
2025-06-12 05:40:00+00:00,81802.873,8804116009.498
2025-06-12 05:45:00+00:00,81789.67,8806563674.811
2025-06-12 05:50:00+00:00,81794.247,8808202088.57633
2025-06-12 05:55:00+00:00,81793.492,8809502621.0664
2025-06-12 06:00:00+00:00,81755.021,8803642277.3472
2025-06-12 06:05:00+00:00,81740.377,8804874187.91409
2025-06-12 06:10:00+00:00,81742.909,8803595788.4002
2025-06-12 06:15:00+00:00,81756.483,8801894784.1317
2025-06-12 06:20:00+00:00,81734.278,8806664118.805
2025-06-12 06:25:00+00:00,81732.213,8807226249.4623
2025-06-12 06:30:00+00:00,81749.402,8817122627.411
2025-06-12 06:35:00+00:00,81761.254,8819585070.16513
2025-06-12 06:40:00+00:00,81772.972,8825411885.22349
2025-06-12 06:45:00+00:00,81788.324,8821155305.90147
2025-06-12 06:50:00+00:00,81826.99,8825741488.77732
2025-06-12 06:55:00+00:00,81845.053,8828033360.00005
2025-06-12 07:00:00+00:00,81874.326,8834023259.69709
2025-06-12 07:05:00+00:00,81839.077,8828828458.22244
2025-06-12 07:10:00+00:00,81840.751,8824567095.59026
2025-06-12 07:15:00+00:00,81839.102,8822883606.0267
2025-06-12 07:20:00+00:00,81840.567,8820128240.86951
2025-06-12 07:25:00+00:00,81822.009,8805520964.562
2025-06-12 07:30:00+00:00,81824.775,8809045050.04362
2025-06-12 07:35:00+00:00,81802.892,8796546458.60864
2025-06-12 07:40:00+00:00,81850.85,8802457598.32663
2025-06-12 07:45:00+00:00,81865.494,8810377511.67252
2025-06-12 07:50:00+00:00,81873.704,8800669941.9232
2025-06-12 07:55:00+00:00,81858.973,8806411364.3522
2025-06-12 08:00:00+00:00,81877.383,8799502130.3007
2025-06-12 08:05:00+00:00,81914.628,8802606829.04076
2025-06-12 08:10:00+00:00,81918.447,8821635918.99857
2025-06-12 08:15:00+00:00,81920.094,8822441867.3958
2025-06-12 08:20:00+00:00,81930.674,8830160321.024
2025-06-12 08:25:00+00:00,81942.573,8830829345.55608
2025-06-12 08:30:00+00:00,81964.373,8832178203.27127
2025-06-12 08:35:00+00:00,81975.626,8829107432.08524
2025-06-12 08:40:00+00:00,81988.804,8828469474.31906
2025-06-12 08:45:00+00:00,81996.651,8829908691.70764
2025-06-12 08:50:00+00:00,81997.143,8831822075.6727
2025-06-12 08:55:00+00:00,81995.993,8830207494.84301
2025-06-12 09:00:00+00:00,81998.747,8826694878.43311
2025-06-12 09:05:00+00:00,82034.282,8827339006.48059
2025-06-12 09:10:00+00:00,82035.462,8825900028.9168
2025-06-12 09:15:00+00:00,82021.089,8822647650.9384
2025-06-12 09:20:00+00:00,82033.066,8819678448.0042
2025-06-12 09:25:00+00:00,82033.318,8822535690.9276
2025-06-12 09:30:00+00:00,82036.179,8826109129.60067
2025-06-12 09:35:00+00:00,82056.397,8833461399.0867
2025-06-12 09:40:00+00:00,82050.585,8827510647.927
2025-06-12 09:45:00+00:00,82037.821,8822101156.877
2025-06-12 09:50:00+00:00,81984.32,8809748082.08
2025-06-12 09:55:00+00:00,81988.301,8810438228.9697
2025-06-12 10:00:00+00:00,82114.507,8814129052.18238
2025-06-12 10:05:00+00:00,82135.136,8817616760.59531
2025-06-12 10:10:00+00:00,82166.71,8820646408.34528
2025-06-12 10:15:00+00:00,82380.852,8846632553.724
2025-06-12 10:20:00+00:00,82421.946,8840388357.4842
2025-06-12 10:25:00+00:00,82503.137,8847873854.62949
2025-06-12 10:30:00+00:00,82497.971,8846379648.51577
2025-06-12 10:35:00+00:00,82501.06,8845341657.71974
2025-06-12 10:40:00+00:00,82503.884,8844600282.90621
2025-06-12 10:45:00+00:00,82539.375,8855554674.65637
2025-06-12 10:50:00+00:00,82570.911,8851629314.69421
2025-06-12 10:55:00+00:00,82591.133,8861057540.2264
2025-06-12 11:00:00+00:00,82632.278,8861121910.6968
2025-06-12 11:05:00+00:00,82661.292,8861308166.9255
2025-06-12 11:10:00+00:00,82692.724,8870622158.2004
2025-06-12 11:15:00+00:00,82693.361,8861437103.4322
2025-06-12 11:20:00+00:00,82819.856,8868756979.09362
2025-06-12 11:25:00+00:00,82684.063,8846549805.3086
2025-06-12 11:30:00+00:00,82756.094,8854652103.16204
2025-06-12 11:35:00+00:00,82712.654,8843951273.7652
2025-06-12 11:40:00+00:00,82747.825,8862586263.0376
2025-06-12 11:45:00+00:00,82712.632,8856882670.05991
2025-06-12 11:50:00+00:00,82584.09,8832541852.089
2025-06-12 11:55:00+00:00,82484.488,8814572834.9392
2025-06-12 12:00:00+00:00,82519.736,8827557010.5736
2025-06-12 12:05:00+00:00,82515.277,8816905874.9486
2025-06-12 12:10:00+00:00,82508.199,8818896377.54922
2025-06-12 12:15:00+00:00,82553.363,8826894508.7305
2025-06-12 12:20:00+00:00,82563.331,8830288768.11879
2025-06-12 12:25:00+00:00,82571.694,8829870155.2452
2025-06-12 12:30:00+00:00,82461.004,8833685342.03654
2025-06-12 12:35:00+00:00,82408.092,8836314795.2196
2025-06-12 12:40:00+00:00,82402.321,8847817373.6614
2025-06-12 12:45:00+00:00,82479.627,8843638814.1567
2025-06-12 12:50:00+00:00,82691.003,8848427073.37694
2025-06-12 12:55:00+00:00,83043.097,8880444319.37752
2025-06-12 13:00:00+00:00,83032.213,8891858712.34237
2025-06-12 13:05:00+00:00,82950.131,8879537788.1177
2025-06-12 13:10:00+00:00,82926.984,8874149677.82731
2025-06-12 13:15:00+00:00,82964.48,8875365844.992
2025-06-12 13:20:00+00:00,82973.325,8872103107.21266
2025-06-12 13:25:00+00:00,82620.903,8823330280.70792
2025-06-12 13:30:00+00:00,82541.24,8814347904.128
2025-06-12 13:35:00+00:00,82615.232,8842432203.808
2025-06-12 13:40:00+00:00,82579.383,8842970131.399
2025-06-12 13:45:00+00:00,82522.13,8828256499.0884
2025-06-12 13:50:00+00:00,82475.604,8827644313.1736
2025-06-12 13:55:00+00:00,82565.413,8835811981.0667
2025-06-12 14:00:00+00:00,82755.34,8866085167.94973
2025-06-12 14:05:00+00:00,82632.015,8862713295.228
2025-06-12 14:10:00+00:00,82473.863,8860351850.11711
2025-06-12 14:15:00+00:00,82420.562,8856847656.0704
2025-06-12 14:20:00+00:00,82435.87,8856150149.79538
2025-06-12 14:25:00+00:00,82480.328,8858585179.9872
2025-06-12 14:30:00+00:00,82465.49,8861881432.85368
2025-06-12 14:35:00+00:00,82421.67,8871099883.25613
2025-06-12 14:40:00+00:00,82446.245,8863615424.63808
2025-06-12 14:45:00+00:00,82492.714,8880508081.06306
2025-06-12 14:50:00+00:00,82543.354,8878437445.2586
2025-06-12 14:55:00+00:00,82511.888,8874978673.28
2025-06-12 15:00:00+00:00,82316.657,8861235612.37217
2025-06-12 15:05:00+00:00,82147.743,8841875118.57136
2025-06-12 15:10:00+00:00,82064.597,8826066529.59022
2025-06-12 15:15:00+00:00,82059.373,8822973318.74266
2025-06-12 15:20:00+00:00,82067.864,8808777156.08945
2025-06-12 15:25:00+00:00,82248.143,8813584865.92282
2025-06-12 15:30:00+00:00,82285.058,8820602458.7483
2025-06-12 15:35:00+00:00,82256.759,8829135998.32644
2025-06-12 15:40:00+00:00,82240.766,8829309953.312
2025-06-12 15:45:00+00:00,82173.698,8801322185.26104
2025-06-12 15:50:00+00:00,82009.297,8768909689.1626
2025-06-12 15:55:00+00:00,82007.547,8771576431.6482
2025-06-12 16:00:00+00:00,81902.23,8770276628.71395
2025-06-12 16:05:00+00:00,81908.639,8791858777.28973
2025-06-12 16:10:00+00:00,81842.726,8781577182.8932
2025-06-12 16:15:00+00:00,81862.568,8793677054.56
2025-06-12 16:20:00+00:00,81899.346,8799789890.0544
2025-06-12 16:25:00+00:00,81807.36,8809364737.23474
2025-06-12 16:30:00+00:00,81817.068,8802109263.2304
2025-06-12 16:35:00+00:00,81793.403,8790827780.828
2025-06-12 16:40:00+00:00,81762.836,8799910029.83883
2025-06-12 16:45:00+00:00,81773.913,8795855581.4103
2025-06-12 16:50:00+00:00,81795.261,8801378888.52685
2025-06-12 16:55:00+00:00,81798.657,8809630730.74484
2025-06-12 17:00:00+00:00,81840.49,8822396637.951
2025-06-12 17:05:00+00:00,81958.896,8838586674.7632
2025-06-12 17:10:00+00:00,81973.672,8839598130.6512
2025-06-12 17:15:00+00:00,81805.336,8836031576.8344
2025-06-12 17:20:00+00:00,81857.375,8841603345.7125
2025-06-12 17:25:00+00:00,82069.511,8873273459.809
2025-06-12 17:30:00+00:00,82103.273,8885571041.61422
2025-06-12 17:35:00+00:00,82122.747,8887539266.23827
2025-06-12 17:40:00+00:00,82139.89,8891306318.951
2025-06-12 17:45:00+00:00,82102.041,8897487748.46469
2025-06-12 17:50:00+00:00,82114.952,8891445018.21242
2025-06-12 17:55:00+00:00,82105.758,8887257247.29849
2025-06-12 18:00:00+00:00,82205.924,8895421265.27142
2025-06-12 18:05:00+00:00,82096.361,8868484025.9333
2025-06-12 18:10:00+00:00,82140.988,8873423322.46729
2025-06-12 18:15:00+00:00,82055.651,8853591398.2074
2025-06-12 18:20:00+00:00,82046.317,8844584767.9683
2025-06-12 18:25:00+00:00,82048.898,8840496743.62044
2025-06-12 18:30:00+00:00,82034.651,8851399383.9933
2025-06-12 18:35:00+00:00,82030.034,8846807918.8456
2025-06-12 18:40:00+00:00,81988.469,8815887728.93406
2025-06-12 18:45:00+00:00,81499.868,8739980792.36579
2025-06-12 18:50:00+00:00,81526.96,8761548843.14662
2025-06-12 18:55:00+00:00,81588.781,8772458368.6324
2025-06-12 19:00:00+00:00,81603.133,8776038071.09888
2025-06-12 19:05:00+00:00,81613.458,8773338888.13808
2025-06-12 19:10:00+00:00,81539.97,8781381837.174
2025-06-12 19:15:00+00:00,81471.087,8768578298.7447
2025-06-12 19:20:00+00:00,81514.769,8774606293.75469
2025-06-12 19:25:00+00:00,81580.481,8788901801.5249
2025-06-12 19:30:00+00:00,81595.59,8791728021.03247
2025-06-12 19:35:00+00:00,81565.506,8775608789.00324
2025-06-12 19:40:00+00:00,81582.386,8773062912.67893
2025-06-12 19:45:00+00:00,81477.92,8719644781.52
2025-06-12 19:50:00+00:00,81370.501,8681654726.1429
2025-06-12 19:55:00+00:00,81336.956,8682433726.87508
2025-06-12 20:00:00+00:00,81236.947,8676991422.3223
2025-06-12 20:05:00+00:00,81153.722,8668791891.8068
2025-06-12 20:10:00+00:00,80922.204,8615455278.8436
2025-06-12 20:15:00+00:00,80880.694,8637138755.67747
2025-06-12 20:20:00+00:00,80862.545,8628311249.88654
2025-06-12 20:25:00+00:00,80868.559,8641024922.91344
2025-06-12 20:30:00+00:00,80874.177,8635451337.33635
2025-06-12 20:35:00+00:00,80865.247,8605815634.77958
2025-06-12 20:40:00+00:00,79556.663,8425146079.6956
2025-06-12 20:45:00+00:00,79315.876,8394514710.274
2025-06-12 20:50:00+00:00,79158.682,8372281328.6756
2025-06-12 20:55:00+00:00,79204.266,8389244963.74485
2025-06-12 21:00:00+00:00,79259.555,8405285584.818
2025-06-12 21:05:00+00:00,79216.646,8400861934.9832
2025-06-12 21:10:00+00:00,79127.524,8399694077.5836
2025-06-12 21:15:00+00:00,79054.619,8383979508.807
2025-06-12 21:20:00+00:00,79076.564,8403869746.7564
2025-06-12 21:25:00+00:00,79031.628,8405250732.684
2025-06-12 21:30:00+00:00,79013.859,8400192490.4811
2025-06-12 21:35:00+00:00,79020.527,8382268344.6317
2025-06-12 21:40:00+00:00,79016.427,8376158065.06334
2025-06-12 21:45:00+00:00,79005.881,8382260665.24651
2025-06-12 21:50:00+00:00,79002.699,8381093922.02028
2025-06-12 21:55:00+00:00,79000.003,8362649900.97479
2025-06-12 22:00:00+00:00,79042.966,8381976956.4278
2025-06-12 22:05:00+00:00,79060.166,8380614776.498
2025-06-12 22:10:00+00:00,79052.081,8388002874.2913
2025-06-12 22:15:00+00:00,78994.92,8351737917.0
2025-06-12 22:20:00+00:00,79111.677,8377972029.34018
2025-06-12 22:25:00+00:00,79092.534,8372862075.21666
2025-06-12 22:30:00+00:00,79042.149,8356944616.8273
2025-06-12 22:35:00+00:00,79056.729,8362359906.4143
2025-06-12 22:40:00+00:00,79089.821,8364950736.0292
2025-06-12 22:45:00+00:00,79120.059,8375366170.98855
2025-06-12 22:50:00+00:00,79057.941,8361721403.86288
2025-06-12 22:55:00+00:00,79120.578,8373973908.81143
2025-06-12 23:00:00+00:00,79232.411,8399150576.6715
2025-06-12 23:05:00+00:00,79216.822,8394309503.40948
2025-06-12 23:10:00+00:00,79112.226,8366711241.195
2025-06-12 23:15:00+00:00,79153.135,8384090843.91996
2025-06-12 23:20:00+00:00,78995.688,8376876546.0336
2025-06-12 23:25:00+00:00,78957.807,8373533493.22959
2025-06-12 23:30:00+00:00,78985.29,8364376341.891
2025-06-12 23:35:00+00:00,79090.592,8380193947.4848
2025-06-12 23:40:00+00:00,79126.68,8388741148.26493
2025-06-12 23:45:00+00:00,79144.593,8386757278.81479
2025-06-12 23:50:00+00:00,79115.17,8372426157.386
2025-06-12 23:55:00+00:00,79454.24,8392087194.20795
2025-06-13 00:00:00+00:00,79234.761,8298136520.20703
2025-06-13 00:05:00+00:00,79247.197,8287584690.3433
2025-06-13 00:10:00+00:00,78556.815,8191441182.9915
2025-06-13 00:15:00+00:00,78046.284,8145854050.40972
2025-06-13 00:20:00+00:00,78206.509,8124533537.87598
2025-06-13 00:25:00+00:00,77791.513,8071277909.63307
2025-06-13 00:30:00+00:00,77604.507,8020045536.3657
2025-06-13 00:35:00+00:00,77625.012,8045157929.63337
2025-06-13 00:40:00+00:00,77554.334,8056529246.23043
2025-06-13 00:45:00+00:00,77456.487,8047215511.0613
2025-06-13 00:50:00+00:00,77332.386,8012045051.2458
2025-06-13 00:55:00+00:00,77314.202,8020681984.70778
2025-06-13 01:00:00+00:00,77497.294,7997720740.8
2025-06-13 01:05:00+00:00,77589.878,7994347641.91691
2025-06-13 01:10:00+00:00,77536.595,7979620525.35004
2025-06-13 01:15:00+00:00,77273.731,7977734879.41464
2025-06-13 01:20:00+00:00,77264.325,7980340584.63709
2025-06-13 01:25:00+00:00,77374.303,7985608376.8725
2025-06-13 01:30:00+00:00,77295.718,7966594604.72875
2025-06-13 01:35:00+00:00,77297.634,7965076323.77336
2025-06-13 01:40:00+00:00,77024.438,7970397777.35424
2025-06-13 01:45:00+00:00,76728.891,7945476158.1666
2025-06-13 01:50:00+00:00,76611.656,7946358540.11529
2025-06-13 01:55:00+00:00,76609.627,7945483193.7153
2025-06-13 02:00:00+00:00,76831.36,7954645023.50885
2025-06-13 02:05:00+00:00,76850.71,7958820914.091
2025-06-13 02:10:00+00:00,76866.372,7970440560.68155
2025-06-13 02:15:00+00:00,76890.894,7982881816.8846
2025-06-13 02:20:00+00:00,76915.576,7965469349.2512
2025-06-13 02:25:00+00:00,76909.407,7973215551.15636
2025-06-13 02:30:00+00:00,76910.516,7986423032.01405
2025-06-13 02:35:00+00:00,77196.868,7982727408.0232
2025-06-13 02:40:00+00:00,76911.534,7930650170.80453
2025-06-13 02:45:00+00:00,76766.906,7956811468.21924
2025-06-13 02:50:00+00:00,76740.487,7939409629.9973
2025-06-13 02:55:00+00:00,76794.461,7955784134.03623
2025-06-13 03:00:00+00:00,76855.613,7963012192.88878
2025-06-13 03:05:00+00:00,76821.692,7980583062.574
2025-06-13 03:10:00+00:00,76749.382,7976854918.9116
2025-06-13 03:15:00+00:00,76713.867,7992280805.661
2025-06-13 03:20:00+00:00,76746.793,7993101744.157
2025-06-13 03:25:00+00:00,76728.906,7983044183.8332
2025-06-13 03:30:00+00:00,76680.325,7990802417.75358
2025-06-13 03:35:00+00:00,76723.656,7989441453.1512
2025-06-13 03:40:00+00:00,76775.129,7992743902.1611
2025-06-13 03:45:00+00:00,76771.328,7980440962.6624
2025-06-13 03:50:00+00:00,77238.796,8068196600.51765
2025-06-13 03:55:00+00:00,77465.457,8074526698.3923
2025-06-13 04:00:00+00:00,77364.165,8043752179.09059
2025-06-13 04:05:00+00:00,77361.551,8037865148.9
2025-06-13 04:10:00+00:00,77514.14,8057827395.42
2025-06-13 04:15:00+00:00,77577.29,8058853008.864
2025-06-13 04:20:00+00:00,77644.384,8061816390.72
2025-06-13 04:25:00+00:00,77660.868,8078632336.06984
2025-06-13 04:30:00+00:00,77682.241,8091374454.3359
2025-06-13 04:35:00+00:00,77679.507,8088938022.43249
2025-06-13 04:40:00+00:00,77637.076,8103206769.6404
2025-06-13 04:45:00+00:00,77653.147,8105435483.86
2025-06-13 04:50:00+00:00,77696.877,8113100126.6523
2025-06-13 04:55:00+00:00,77706.236,8108925469.0496
2025-06-13 05:00:00+00:00,77673.192,8102890691.3976
2025-06-13 05:05:00+00:00,77659.957,8103779060.02854
2025-06-13 05:10:00+00:00,77654.224,8094032914.40917
2025-06-13 05:15:00+00:00,77653.355,8095913597.5705
2025-06-13 05:20:00+00:00,77701.3,8111896163.03692
2025-06-13 05:25:00+00:00,77688.96,8101375122.28369
2025-06-13 05:30:00+00:00,77676.765,8094689525.32953
2025-06-13 05:35:00+00:00,77649.131,8083269775.1824
2025-06-13 05:40:00+00:00,77722.679,8097577533.10138
2025-06-13 05:45:00+00:00,77711.388,8106300757.74964
2025-06-13 05:50:00+00:00,77686.931,8090843550.44712
2025-06-13 05:55:00+00:00,77505.068,8057341275.04138
2025-06-13 06:00:00+00:00,77479.663,8062375870.05498
2025-06-13 06:05:00+00:00,77476.804,8065327548.7196
2025-06-13 06:10:00+00:00,77418.414,8052993747.7074
2025-06-13 06:15:00+00:00,77403.605,8048433826.84433
2025-06-13 06:20:00+00:00,77367.01,8037942537.42962
2025-06-13 06:25:00+00:00,77432.267,8037314450.066
2025-06-13 06:30:00+00:00,77454.387,8045659649.4507
2025-06-13 06:35:00+00:00,77416.735,8038574420.3985
2025-06-13 06:40:00+00:00,77421.413,8046832838.5922
2025-06-13 06:45:00+00:00,77474.506,8072021163.63458
2025-06-13 06:50:00+00:00,77551.46,8097165455.6764
2025-06-13 06:55:00+00:00,77756.505,8137315017.9109
2025-06-13 07:00:00+00:00,77716.197,8112379314.78583
2025-06-13 07:05:00+00:00,77810.7,8125600217.46
2025-06-13 07:10:00+00:00,77797.268,8121147890.3448
2025-06-13 07:15:00+00:00,77765.468,8116747392.8596
2025-06-13 07:20:00+00:00,77812.836,8137450722.71091
2025-06-13 07:25:00+00:00,77969.05,8166674095.92929
2025-06-13 07:30:00+00:00,78011.372,8165839533.68455
2025-06-13 07:35:00+00:00,78082.819,8167503250.64557
2025-06-13 07:40:00+00:00,78164.286,8180775302.05324
2025-06-13 07:45:00+00:00,78293.812,8192084147.84778
2025-06-13 07:50:00+00:00,78383.995,8215277586.3595
2025-06-13 07:55:00+00:00,78478.327,8225760779.3339
2025-06-13 08:00:00+00:00,78544.899,8239689978.3702
2025-06-13 08:05:00+00:00,78330.807,8227169423.92776
2025-06-13 08:10:00+00:00,78904.569,8313171895.80345
2025-06-13 08:15:00+00:00,78872.725,8303028192.37264
2025-06-13 08:20:00+00:00,78771.192,8284799504.196
2025-06-13 08:25:00+00:00,78721.166,8271678441.76027
2025-06-13 08:30:00+00:00,78678.067,8270638403.04
2025-06-13 08:35:00+00:00,78622.591,8260901701.75279
2025-06-13 08:40:00+00:00,78507.909,8232523585.84684
2025-06-13 08:45:00+00:00,78413.433,8223126608.0386
2025-06-13 08:50:00+00:00,78473.923,8215623336.2852
2025-06-13 08:55:00+00:00,78447.163,8213077590.96549
2025-06-13 09:00:00+00:00,78429.323,8205793405.7918
2025-06-13 09:05:00+00:00,78400.442,8205986241.9844
2025-06-13 09:10:00+00:00,78367.962,8200415706.8838
2025-06-13 09:15:00+00:00,78376.446,8196032088.70834
2025-06-13 09:20:00+00:00,78113.46,8167056939.61256
2025-06-13 09:25:00+00:00,78110.657,8174925265.96982
2025-06-13 09:30:00+00:00,78135.881,8173065063.41803
2025-06-13 09:35:00+00:00,78101.933,8170438099.22316
2025-06-13 09:40:00+00:00,78120.471,8171401266.6
2025-06-13 09:45:00+00:00,78136.436,8173729243.4858
2025-06-13 09:50:00+00:00,78173.977,8183900756.3691
2025-06-13 09:55:00+00:00,78268.314,8200633040.8326
2025-06-13 10:00:00+00:00,78304.644,8188794938.2027
2025-06-13 10:05:00+00:00,78288.356,8189619659.7904
2025-06-13 10:10:00+00:00,78400.229,8209068457.9488
2025-06-13 10:15:00+00:00,78477.744,8210019818.5296
2025-06-13 10:20:00+00:00,78523.978,8216372142.8256
2025-06-13 10:25:00+00:00,78528.503,8215135725.5316
2025-06-13 10:30:00+00:00,78525.732,8214775647.40555
2025-06-13 10:35:00+00:00,78652.906,8238561561.2948
2025-06-13 10:40:00+00:00,78661.812,8237567212.9956
2025-06-13 10:45:00+00:00,78691.153,8234257988.1506
2025-06-13 10:50:00+00:00,78613.257,8231122460.928
2025-06-13 10:55:00+00:00,78733.698,8252719963.96424
2025-06-13 11:00:00+00:00,78924.426,8277988421.01
2025-06-13 11:05:00+00:00,79056.403,8298908834.63292
2025-06-13 11:10:00+00:00,79104.695,8290448795.52646
2025-06-13 11:15:00+00:00,79132.854,8294001473.8794
2025-06-13 11:20:00+00:00,79131.37,8289469969.446
2025-06-13 11:25:00+00:00,79093.421,8279502390.05206
2025-06-13 11:30:00+00:00,79072.542,8272687952.853
2025-06-13 11:35:00+00:00,79069.295,8276831475.869
2025-06-13 11:40:00+00:00,79038.329,8287079293.90611
2025-06-13 11:45:00+00:00,79037.758,8286452602.19853
2025-06-13 11:50:00+00:00,79243.716,8319734347.8672
2025-06-13 11:55:00+00:00,79226.64,8318289795.2809
2025-06-13 12:00:00+00:00,79229.289,8317966134.954
2025-06-13 12:05:00+00:00,79357.723,8335727288.1477
2025-06-13 12:10:00+00:00,79418.766,8349862161.56616
2025-06-13 12:15:00+00:00,79386.727,8330707904.71989
2025-06-13 12:20:00+00:00,79234.852,8320690341.30998
2025-06-13 12:25:00+00:00,79341.801,8330682816.3174
2025-06-13 12:30:00+00:00,79396.52,8332053420.796
2025-06-13 12:35:00+00:00,79351.224,8323599168.82735
2025-06-13 12:40:00+00:00,79323.399,8316374820.3575
2025-06-13 12:45:00+00:00,79339.581,8327101591.7712
2025-06-13 12:50:00+00:00,79336.208,8317211365.68
2025-06-13 12:55:00+00:00,79304.764,8311131336.7236
2025-06-13 13:00:00+00:00,79298.806,8311910527.7856
2025-06-13 13:05:00+00:00,79327.582,8307652419.7738
2025-06-13 13:10:00+00:00,79320.875,8309729009.03855
2025-06-13 13:15:00+00:00,79321.157,8307937244.45359
2025-06-13 13:20:00+00:00,79329.011,8305739518.7989
2025-06-13 13:25:00+00:00,79319.479,8312078571.1596
2025-06-13 13:30:00+00:00,79315.638,8308313080.5
2025-06-13 13:35:00+00:00,79238.609,8336087129.93231
2025-06-13 13:40:00+00:00,79311.413,8341847521.0792
2025-06-13 13:45:00+00:00,79374.59,8335515722.79161
2025-06-13 13:50:00+00:00,79358.714,8309682686.4256
2025-06-13 13:55:00+00:00,79398.522,8309333222.127
2025-06-13 14:00:00+00:00,79351.261,8297204580.27192
2025-06-13 14:05:00+00:00,79194.568,8282991544.9472
2025-06-13 14:10:00+00:00,78820.675,8237754805.76885
2025-06-13 14:15:00+00:00,78765.816,8224072750.4472
2025-06-13 14:20:00+00:00,78342.317,8171894920.5017
2025-06-13 14:25:00+00:00,78241.29,8146102188.29157
2025-06-13 14:30:00+00:00,78123.718,8150252089.04503
2025-06-13 14:35:00+00:00,77809.949,8134061582.65682
2025-06-13 14:40:00+00:00,77616.035,8119677315.869
2025-06-13 14:45:00+00:00,77615.711,8113307647.4927
2025-06-13 14:50:00+00:00,77578.005,8122417123.5
2025-06-13 14:55:00+00:00,77354.23,8116776927.05104
2025-06-13 15:00:00+00:00,77319.635,8105254965.8165
2025-06-13 15:05:00+00:00,77402.599,8152050265.36474
2025-06-13 15:10:00+00:00,78415.061,8268410100.98354
2025-06-13 15:15:00+00:00,78452.975,8270026216.055
2025-06-13 15:20:00+00:00,78134.983,8240114928.96136
2025-06-13 15:25:00+00:00,78034.967,8239634130.563
2025-06-13 15:30:00+00:00,77994.217,8235278517.66697
2025-06-13 15:35:00+00:00,77973.278,8228437872.32157
2025-06-13 15:40:00+00:00,77972.21,8236199084.52756
2025-06-13 15:45:00+00:00,77919.366,8225144899.1502
2025-06-13 15:50:00+00:00,77933.204,8221963630.23422
2025-06-13 15:55:00+00:00,78062.086,8227111561.5034
2025-06-13 16:00:00+00:00,78100.78,8231595561.5558
2025-06-13 16:05:00+00:00,78225.579,8249982463.656
2025-06-13 16:10:00+00:00,78283.052,8283858284.689
2025-06-13 16:15:00+00:00,78657.837,8329078359.93
2025-06-13 16:20:00+00:00,78720.747,8334218045.53464
2025-06-13 16:25:00+00:00,78698.82,8323116374.262
2025-06-13 16:30:00+00:00,78694.74,8318136321.162
2025-06-13 16:35:00+00:00,78626.32,8294749561.69733
2025-06-13 16:40:00+00:00,78545.577,8289929891.73633
2025-06-13 16:45:00+00:00,78550.097,8277350006.5399
2025-06-13 16:50:00+00:00,78477.136,8290914423.75833
2025-06-13 16:55:00+00:00,78455.327,8294709556.93742
2025-06-13 17:00:00+00:00,78427.49,8274997751.02144
2025-06-13 17:05:00+00:00,78388.476,8272215993.01098
2025-06-13 17:10:00+00:00,78378.288,8255394667.7681
2025-06-13 17:15:00+00:00,78266.034,8229585358.03806
2025-06-13 17:20:00+00:00,78267.759,8232454715.58227
2025-06-13 17:25:00+00:00,78306.763,8222758262.341
2025-06-13 17:30:00+00:00,78333.809,8230901480.5323
2025-06-13 17:35:00+00:00,78340.879,8243802863.0821
2025-06-13 17:40:00+00:00,78407.914,8239973930.9654
2025-06-13 17:45:00+00:00,78444.162,8226720945.15673
2025-06-13 17:50:00+00:00,78405.613,8244205111.39726
2025-06-13 17:55:00+00:00,78382.098,8257611727.44009
2025-06-13 18:00:00+00:00,78395.442,8244668325.6234
2025-06-13 18:05:00+00:00,78260.339,8216349727.67577
2025-06-13 18:10:00+00:00,78190.68,8210576553.828
2025-06-13 18:15:00+00:00,78269.186,8213685782.619
2025-06-13 18:20:00+00:00,78232.749,8228920393.63607
2025-06-13 18:25:00+00:00,78200.418,8204396854.47
2025-06-13 18:30:00+00:00,78136.333,8185148122.5151
2025-06-13 18:35:00+00:00,78130.236,8177793147.87106
2025-06-13 18:40:00+00:00,78131.221,8184995459.4716
2025-06-13 18:45:00+00:00,77946.06,8181732105.47755
2025-06-13 18:50:00+00:00,78012.693,8203292110.8369
2025-06-13 18:55:00+00:00,78009.137,8200390689.6633
2025-06-13 19:00:00+00:00,78016.864,8198519178.736
2025-06-13 19:05:00+00:00,77997.479,8205670179.9597
2025-06-13 19:10:00+00:00,77989.778,8209055139.05617
2025-06-13 19:15:00+00:00,78006.255,8204495084.637
2025-06-13 19:20:00+00:00,78017.5,8194238623.1146
2025-06-13 19:25:00+00:00,78011.207,8190146987.0676
2025-06-13 19:30:00+00:00,78000.45,8187325034.295
2025-06-13 19:35:00+00:00,77963.476,8193134914.7544
2025-06-13 19:40:00+00:00,77988.289,8191624716.3774
2025-06-13 19:45:00+00:00,77981.005,8195869404.17303
2025-06-13 19:50:00+00:00,77968.158,8192167659.0761
2025-06-13 19:55:00+00:00,77949.556,8189738921.3176
2025-06-13 20:00:00+00:00,77927.523,8187695259.4475
2025-06-13 20:05:00+00:00,77938.906,8191870035.7078
2025-06-13 20:10:00+00:00,77882.996,8198871829.4059
2025-06-13 20:15:00+00:00,77900.574,8196513684.70447
2025-06-13 20:20:00+00:00,77889.842,8190522548.16767
2025-06-13 20:25:00+00:00,77898.945,8199518312.388
2025-06-13 20:30:00+00:00,77876.052,8189694831.6864
2025-06-13 20:35:00+00:00,77869.792,8196543158.0032
2025-06-13 20:40:00+00:00,77865.449,8212394044.88931
2025-06-13 20:45:00+00:00,77872.949,8196774227.7267
2025-06-13 20:50:00+00:00,77851.534,8198015655.1088
2025-06-13 20:55:00+00:00,77823.614,8201106919.8498
2025-06-13 21:00:00+00:00,77794.901,8196003999.954
2025-06-13 21:05:00+00:00,77786.157,8190050020.2201
2025-06-13 21:10:00+00:00,77777.769,8195319075.0996
2025-06-13 21:15:00+00:00,77759.463,8190275277.66457
2025-06-13 21:20:00+00:00,77766.642,8201398519.18841
2025-06-13 21:25:00+00:00,77781.717,8206118928.7623
2025-06-13 21:30:00+00:00,77823.048,8203864468.7112
2025-06-13 21:35:00+00:00,77843.514,8217986479.0884
2025-06-13 21:40:00+00:00,77864.906,8221519362.68958
2025-06-13 21:45:00+00:00,77908.237,8228088231.5843
2025-06-13 21:50:00+00:00,77914.564,8222471976.5916
2025-06-13 21:55:00+00:00,77913.919,8224530958.5048
2025-06-13 22:00:00+00:00,77935.108,8240881700.4524
2025-06-13 22:05:00+00:00,77986.079,8242894721.75697
2025-06-13 22:10:00+00:00,77970.08,8238669518.16
2025-06-13 22:15:00+00:00,77975.888,8236664807.31626
2025-06-13 22:20:00+00:00,77973.616,8235704889.96645
2025-06-13 22:25:00+00:00,77955.782,8229698358.8016
2025-06-13 22:30:00+00:00,77942.787,8231140226.8563
2025-06-13 22:35:00+00:00,77926.967,8223894296.20136
2025-06-13 22:40:00+00:00,77904.463,8221977856.29834
2025-06-13 22:45:00+00:00,77919.981,8238496791.11882
2025-06-13 22:50:00+00:00,77849.513,8230990084.7335
2025-06-13 22:55:00+00:00,77885.226,8232219155.4768
2025-06-13 23:00:00+00:00,77908.189,8242242319.5227
2025-06-13 23:05:00+00:00,77988.366,8255710629.4893
2025-06-13 23:10:00+00:00,78010.445,8247435868.379
2025-06-13 23:15:00+00:00,78012.262,8253788800.28351
2025-06-13 23:20:00+00:00,78031.926,8258393617.04553
2025-06-13 23:25:00+00:00,78032.098,8257255168.6326
2025-06-13 23:30:00+00:00,78051.585,8259332867.9565
2025-06-13 23:35:00+00:00,78339.737,8293699510.48412
2025-06-13 23:40:00+00:00,78313.802,8298749138.9558
2025-06-13 23:45:00+00:00,78284.182,8300887887.39255
2025-06-13 23:50:00+00:00,78444.422,8312221806.73929
2025-06-13 23:55:00+00:00,78495.548,8323028885.05801
2025-06-14 00:00:00+00:00,78569.628,8326374330.69536
2025-06-14 00:05:00+00:00,78699.007,8336019742.65918
2025-06-14 00:10:00+00:00,78723.111,8337446601.3435
2025-06-14 00:15:00+00:00,78787.317,8342248735.08455
2025-06-14 00:20:00+00:00,78809.273,8346548246.7386
2025-06-14 00:25:00+00:00,78678.646,8320801829.2928
2025-06-14 00:30:00+00:00,78641.485,8318048214.77847
2025-06-14 00:35:00+00:00,78605.328,8319708025.31562
2025-06-14 00:40:00+00:00,78588.601,8321872701.6516
2025-06-14 00:45:00+00:00,78670.882,8335684469.39718
2025-06-14 00:50:00+00:00,78563.423,8312010153.4
2025-06-14 00:55:00+00:00,78473.27,8299419355.797
2025-06-14 01:00:00+00:00,78395.44,8276932775.20424
2025-06-14 01:05:00+00:00,78114.942,8243207646.92927
2025-06-14 01:10:00+00:00,78456.639,8269180682.9859
2025-06-14 01:15:00+00:00,78551.353,8282061903.555
2025-06-14 01:20:00+00:00,78459.763,8278987886.0207
2025-06-14 01:25:00+00:00,78359.268,8265194541.9576
2025-06-14 01:30:00+00:00,78299.885,8259799773.61713
2025-06-14 01:35:00+00:00,78258.939,8252812064.0328
2025-06-14 01:40:00+00:00,78224.427,8251104737.5173
2025-06-14 01:45:00+00:00,78207.893,8251589657.8012
2025-06-14 01:50:00+00:00,78210.201,8244747326.9778
2025-06-14 01:55:00+00:00,78229.298,8246963886.8792
2025-06-14 02:00:00+00:00,78231.354,8248528902.5616
2025-06-14 02:05:00+00:00,78231.038,8244033723.0628
2025-06-14 02:10:00+00:00,78228.941,8246901051.30684
2025-06-14 02:15:00+00:00,78226.889,8251755759.3265
2025-06-14 02:20:00+00:00,78232.427,8250316144.31444
2025-06-14 02:25:00+00:00,78231.72,8240858976.252
2025-06-14 02:30:00+00:00,78267.399,8241253445.13211
2025-06-14 02:35:00+00:00,78240.95,8238729994.09626
2025-06-14 02:40:00+00:00,78216.843,8234211272.5576
2025-06-14 02:45:00+00:00,78214.577,8236020512.16246
2025-06-14 02:50:00+00:00,78215.13,8241105886.398
2025-06-14 02:55:00+00:00,78209.357,8238370322.0518
2025-06-14 03:00:00+00:00,78280.018,8242024815.202
2025-06-14 03:05:00+00:00,78298.593,8241537642.2754
2025-06-14 03:10:00+00:00,78254.211,8234929227.7076
2025-06-14 03:15:00+00:00,78260.388,8234542373.2824
2025-06-14 03:20:00+00:00,78250.862,8234223313.02952
2025-06-14 03:25:00+00:00,78260.303,8241712439.44159
2025-06-14 03:30:00+00:00,78232.455,8239567500.04716
2025-06-14 03:35:00+00:00,78236.875,8238522968.76972
2025-06-14 03:40:00+00:00,78248.016,8237657926.04508
2025-06-14 03:45:00+00:00,78251.95,8228450773.935
2025-06-14 03:50:00+00:00,78265.018,8233968681.30844
2025-06-14 03:55:00+00:00,78260.0,8232122444.0
2025-06-14 04:00:00+00:00,78257.111,8234735325.6298
2025-06-14 04:05:00+00:00,78262.815,8238208628.03628
2025-06-14 04:10:00+00:00,78239.368,8235974067.40713
2025-06-14 04:15:00+00:00,78261.438,8233696415.96335
2025-06-14 04:20:00+00:00,78269.088,8237070128.7552
2025-06-14 04:25:00+00:00,78269.489,8241449302.37733
2025-06-14 04:30:00+00:00,78286.052,8246412015.58373
2025-06-14 04:35:00+00:00,78319.366,8243896585.19304
2025-06-14 04:40:00+00:00,78319.593,8246066316.0282
2025-06-14 04:45:00+00:00,78310.356,8247399033.44725
2025-06-14 04:50:00+00:00,78298.47,8242042091.57232
2025-06-14 04:55:00+00:00,78280.174,8244837805.17433
2025-06-14 05:00:00+00:00,78263.9,8240351789.86366
2025-06-14 05:05:00+00:00,78254.863,8237074235.19409
2025-06-14 05:10:00+00:00,78252.972,8235303646.794
2025-06-14 05:15:00+00:00,78249.911,8233486935.3844
2025-06-14 05:20:00+00:00,78310.302,8243380926.2112
2025-06-14 05:25:00+00:00,78299.911,8242459371.1658
2025-06-14 05:30:00+00:00,78311.134,8238715021.3566
2025-06-14 05:35:00+00:00,78326.791,8244654156.246
2025-06-14 05:40:00+00:00,78322.178,8246811660.30116
2025-06-14 05:45:00+00:00,78307.378,8245242243.9674
2025-06-14 05:50:00+00:00,78318.515,8243023703.75
2025-06-14 05:55:00+00:00,78328.487,8243604766.97426
2025-06-14 06:00:00+00:00,78319.929,8240658457.5291
2025-06-14 06:05:00+00:00,78359.698,8248094795.6612
2025-06-14 06:10:00+00:00,78348.581,8241872569.32466
2025-06-14 06:15:00+00:00,78316.882,8231339248.846
2025-06-14 06:20:00+00:00,78211.288,8221818411.27681
2025-06-14 06:25:00+00:00,78133.8,8213650688.79523
2025-06-14 06:30:00+00:00,78119.92,8211464569.76821
2025-06-14 06:35:00+00:00,78139.665,8216667062.64433
2025-06-14 06:40:00+00:00,78138.848,8215896207.44581
2025-06-14 06:45:00+00:00,78138.333,8213208193.13754
2025-06-14 06:50:00+00:00,78133.61,8210428192.659
2025-06-14 06:55:00+00:00,78109.129,8205926319.80968
2025-06-14 07:00:00+00:00,78072.009,8196826608.71628
2025-06-14 07:05:00+00:00,78082.778,8192538767.0936
2025-06-14 07:10:00+00:00,78105.575,8192832564.4907
2025-06-14 07:15:00+00:00,78078.863,8185206654.52187
2025-06-14 07:20:00+00:00,78143.736,8196230780.3376
2025-06-14 07:25:00+00:00,78163.299,8202550355.06974
2025-06-14 07:30:00+00:00,78160.228,8207044239.41651
2025-06-14 07:35:00+00:00,78187.777,8215072447.7245
2025-06-14 07:40:00+00:00,78165.305,8215264022.21135
2025-06-14 07:45:00+00:00,78173.962,8212182525.4962
2025-06-14 07:50:00+00:00,78158.851,8208204224.27169
2025-06-14 07:55:00+00:00,78159.555,8208715079.8305
2025-06-14 08:00:00+00:00,78141.347,8201419802.0823
2025-06-14 08:05:00+00:00,78080.782,8189059830.16815
2025-06-14 08:10:00+00:00,78077.065,8186678711.15353
2025-06-14 08:15:00+00:00,78052.744,8187350387.1544
2025-06-14 08:20:00+00:00,78045.983,8189530014.52404
2025-06-14 08:25:00+00:00,78053.958,8192547720.68879
2025-06-14 08:30:00+00:00,78031.478,8183129885.2688
2025-06-14 08:35:00+00:00,78011.706,8191229130.0
2025-06-14 08:40:00+00:00,78012.883,8193318639.6516
2025-06-14 08:45:00+00:00,77990.449,8194448677.3851
2025-06-14 08:50:00+00:00,77981.671,8193690135.312
2025-06-14 08:55:00+00:00,77986.866,8192520273.3
2025-06-14 09:00:00+00:00,77988.809,8189101496.42535
2025-06-14 09:05:00+00:00,77896.474,8177003196.2598
2025-06-14 09:10:00+00:00,77902.381,8179157946.9044
2025-06-14 09:15:00+00:00,77917.34,8181633177.32931
2025-06-14 09:20:00+00:00,77913.091,8181110799.0659
2025-06-14 09:25:00+00:00,77906.39,8178918752.97195
2025-06-14 09:30:00+00:00,77918.994,8174333614.4514
2025-06-14 09:35:00+00:00,77914.552,8173874419.46722
2025-06-14 09:40:00+00:00,77904.894,8172261140.48122
2025-06-14 09:45:00+00:00,77893.485,8166539911.764
2025-06-14 09:50:00+00:00,77887.886,8163604042.65471
2025-06-14 09:55:00+00:00,77908.85,8166216897.68839
2025-06-14 10:00:00+00:00,77861.059,8163591886.2438
2025-06-14 10:05:00+00:00,77843.441,8157299810.1751
2025-06-14 10:10:00+00:00,77842.072,8167679525.58054
2025-06-14 10:15:00+00:00,77838.242,8161774225.99163
2025-06-14 10:20:00+00:00,77829.256,8164120960.27547
2025-06-14 10:25:00+00:00,77830.065,8168289168.12074
2025-06-14 10:30:00+00:00,77865.092,8182182924.21393
2025-06-14 10:35:00+00:00,77912.887,8178515748.39
2025-06-14 10:40:00+00:00,77841.228,8169988321.93492
2025-06-14 10:45:00+00:00,77851.563,8171992931.3907
2025-06-14 10:50:00+00:00,77849.787,8170926527.89022
2025-06-14 10:55:00+00:00,77849.723,8170731343.47629
2025-06-14 11:00:00+00:00,77861.91,8172892306.63147
2025-06-14 11:05:00+00:00,77869.474,8168733644.0746
2025-06-14 11:10:00+00:00,77861.533,8170174616.02397
2025-06-14 11:15:00+00:00,77866.229,8177378996.9907
2025-06-14 11:20:00+00:00,77859.888,8175900618.73887
2025-06-14 11:25:00+00:00,77871.295,8172779301.358
2025-06-14 11:30:00+00:00,77988.555,8187371084.4435
2025-06-14 11:35:00+00:00,77995.228,8183206597.55134
2025-06-14 11:40:00+00:00,77980.503,8182057488.9732
2025-06-14 11:45:00+00:00,77991.936,8186675127.77289
2025-06-14 11:50:00+00:00,78028.0,8195218417.6
2025-06-14 11:55:00+00:00,78034.818,8196921055.08626
2025-06-14 12:00:00+00:00,78042.938,8195804002.7708
2025-06-14 12:05:00+00:00,78068.141,8194731396.22985
2025-06-14 12:10:00+00:00,78033.276,8186882415.32523
2025-06-14 12:15:00+00:00,78037.297,8185542783.0319
2025-06-14 12:20:00+00:00,78049.684,8185601098.9312
2025-06-14 12:25:00+00:00,78084.023,8188195179.4697
2025-06-14 12:30:00+00:00,78089.426,8191323092.2942
2025-06-14 12:35:00+00:00,78103.96,8194517365.97364
2025-06-14 12:40:00+00:00,78362.896,8209963069.576
2025-06-14 12:45:00+00:00,78443.652,8223169595.508
2025-06-14 12:50:00+00:00,78416.963,8222018570.55
2025-06-14 12:55:00+00:00,78141.071,8204820269.1071
2025-06-14 13:00:00+00:00,78076.808,8201747776.21616
2025-06-14 13:05:00+00:00,78112.982,8197979133.00706
2025-06-14 13:10:00+00:00,78134.383,8202281025.22771
2025-06-14 13:15:00+00:00,78192.059,8199923035.271
2025-06-14 13:20:00+00:00,78203.003,8201979685.31089
2025-06-14 13:25:00+00:00,78180.394,8200150034.54877
2025-06-14 13:30:00+00:00,78199.27,8203713377.306
2025-06-14 13:35:00+00:00,78130.251,8204465470.5351
2025-06-14 13:40:00+00:00,78128.394,8198156623.00475
2025-06-14 13:45:00+00:00,78127.768,8195548173.7624
2025-06-14 13:50:00+00:00,78159.548,8204931622.46138
2025-06-14 13:55:00+00:00,78164.371,8204241810.2794
2025-06-14 14:00:00+00:00,78183.642,8206147245.9558
2025-06-14 14:05:00+00:00,78196.762,8208040418.473
2025-06-14 14:10:00+00:00,78200.215,8211171776.12271
2025-06-14 14:15:00+00:00,78226.744,8212942946.09974
2025-06-14 14:20:00+00:00,78235.223,8211655064.8253
2025-06-14 14:25:00+00:00,78262.279,8214267931.7378
2025-06-14 14:30:00+00:00,78259.955,8208130575.4846
2025-06-14 14:35:00+00:00,78244.809,8204821092.0681
2025-06-14 14:40:00+00:00,78247.121,8203420340.9279
2025-06-14 14:45:00+00:00,78258.615,8204718429.87241
2025-06-14 14:50:00+00:00,78280.664,8210508585.2344
2025-06-14 14:55:00+00:00,78273.34,8208329482.45
2025-06-14 15:00:00+00:00,78272.895,8209493760.20613
2025-06-14 15:05:00+00:00,78277.082,8209977205.21138
2025-06-14 15:10:00+00:00,78274.136,8209078287.136
2025-06-14 15:15:00+00:00,78266.75,8209884661.35
2025-06-14 15:20:00+00:00,78256.988,8208907618.8384
2025-06-14 15:25:00+00:00,78257.228,8205828012.83752
2025-06-14 15:30:00+00:00,78109.641,8178540259.5819
2025-06-14 15:35:00+00:00,78082.181,8177913802.3807
2025-06-14 15:40:00+00:00,78076.953,8173907440.3512
2025-06-14 15:45:00+00:00,78136.025,8184394106.26185
2025-06-14 15:50:00+00:00,78068.967,8180511355.3719
2025-06-14 15:55:00+00:00,78113.449,8185142009.95542
2025-06-14 16:00:00+00:00,78128.09,8191584104.13525
2025-06-14 16:05:00+00:00,78129.99,8181405341.847
2025-06-14 16:10:00+00:00,78140.699,8187539365.31029
2025-06-14 16:15:00+00:00,78123.688,8181604786.5944
2025-06-14 16:20:00+00:00,78102.578,8179378393.8858
2025-06-14 16:25:00+00:00,78087.418,8173097692.388
2025-06-14 16:30:00+00:00,78010.344,8157923191.55982
2025-06-14 16:35:00+00:00,77974.674,8155371153.66
2025-06-14 16:40:00+00:00,77904.34,8148645945.754
2025-06-14 16:45:00+00:00,77848.703,8129839194.61327
2025-06-14 16:50:00+00:00,77635.613,8104780665.61736
2025-06-14 16:55:00+00:00,77601.612,8102190638.07097
2025-06-14 17:00:00+00:00,77537.285,8103018461.468
2025-06-14 17:05:00+00:00,77515.508,8106104489.29325
2025-06-14 17:10:00+00:00,77564.285,8109487399.25171
2025-06-14 17:15:00+00:00,77548.031,8108975508.60468
2025-06-14 17:20:00+00:00,77554.387,8114130105.00306
2025-06-14 17:25:00+00:00,77542.381,8112507162.9343
2025-06-14 17:30:00+00:00,77544.684,8106823689.6276
2025-06-14 17:35:00+00:00,77538.748,8105125328.44
2025-06-14 17:40:00+00:00,77557.712,8099832721.9744
2025-06-14 17:45:00+00:00,77587.226,8104091602.66719
2025-06-14 17:50:00+00:00,77604.325,8110637560.20282
2025-06-14 17:55:00+00:00,77602.027,8113742614.61616
2025-06-14 18:00:00+00:00,77592.044,8121684296.86609
2025-06-14 18:05:00+00:00,77483.837,8122250961.9087
2025-06-14 18:10:00+00:00,77452.118,8121435088.83335
2025-06-14 18:15:00+00:00,77448.045,8106579807.804
2025-06-14 18:20:00+00:00,77448.491,8101964092.001
2025-06-14 18:25:00+00:00,77398.393,8092489598.0259
2025-06-14 18:30:00+00:00,77425.465,8086880770.4945
2025-06-14 18:35:00+00:00,77431.076,8084534590.24446
2025-06-14 18:40:00+00:00,77446.264,8083244700.0872
2025-06-14 18:45:00+00:00,77444.084,8090764946.81302
2025-06-14 18:50:00+00:00,77436.105,8104214953.764
2025-06-14 18:55:00+00:00,77452.043,8120838963.3457
2025-06-14 19:00:00+00:00,77471.056,8122654291.0656
2025-06-14 19:05:00+00:00,77498.616,8123924169.8472
2025-06-14 19:10:00+00:00,77553.873,8140636164.1275
2025-06-14 19:15:00+00:00,77601.349,8142608668.8163
2025-06-14 19:20:00+00:00,77603.168,8136536958.464
2025-06-14 19:25:00+00:00,77618.379,8138449443.07785
2025-06-14 19:30:00+00:00,77626.232,8142300863.3352
2025-06-14 19:35:00+00:00,77648.647,8146705527.74136
2025-06-14 19:40:00+00:00,77654.631,8147057956.734
2025-06-14 19:45:00+00:00,77907.054,8162958718.70376
2025-06-14 19:50:00+00:00,77835.613,8147839752.4013
2025-06-14 19:55:00+00:00,78054.187,8166884205.61277
2025-06-14 20:00:00+00:00,78336.739,8190892557.63328
2025-06-14 20:05:00+00:00,78442.899,8184724237.3701
2025-06-14 20:10:00+00:00,78450.416,8181764628.84339
2025-06-14 20:15:00+00:00,78511.452,8200263708.97918
2025-06-14 20:20:00+00:00,78450.813,8194689503.0532
2025-06-14 20:25:00+00:00,78386.009,8199184669.68816
2025-06-14 20:30:00+00:00,78200.446,8192079514.6903
2025-06-14 20:35:00+00:00,78045.45,8186663327.745
2025-06-14 20:40:00+00:00,78101.723,8190696359.32151
2025-06-14 20:45:00+00:00,78100.275,8192607850.03101
2025-06-14 20:50:00+00:00,78106.728,8184331523.29877
2025-06-14 20:55:00+00:00,78107.75,8188756429.85847
2025-06-14 21:00:00+00:00,78115.781,8189666291.6181
2025-06-14 21:05:00+00:00,78100.107,8192498164.0218
2025-06-14 21:10:00+00:00,78173.534,8204132594.1718
2025-06-14 21:15:00+00:00,78190.606,8209223904.8794
2025-06-14 21:20:00+00:00,78178.634,8199961473.675
2025-06-14 21:25:00+00:00,78167.011,8218737487.6763
2025-06-14 21:30:00+00:00,78206.329,8216951292.8404
2025-06-14 21:35:00+00:00,78214.615,8216027824.19071
2025-06-14 21:40:00+00:00,78212.66,8218495670.27826
2025-06-14 21:45:00+00:00,78022.207,8206149467.8597
2025-06-14 21:50:00+00:00,78009.013,8215909249.16
2025-06-14 21:55:00+00:00,77920.81,8202040560.39108
2025-06-14 22:00:00+00:00,77928.001,8216556983.8378
2025-06-14 22:05:00+00:00,77990.267,8218014626.40239
2025-06-14 22:10:00+00:00,78036.572,8225054688.8
2025-06-14 22:15:00+00:00,78103.937,8233712720.18426
2025-06-14 22:20:00+00:00,78134.055,8236571728.4745
2025-06-14 22:25:00+00:00,78156.987,8238707760.7401
2025-06-14 22:30:00+00:00,78156.146,8235624094.06356
2025-06-14 22:35:00+00:00,78166.842,8233743385.491
2025-06-14 22:40:00+00:00,78167.581,8228068094.4639
2025-06-14 22:45:00+00:00,78185.363,8230299514.2395
2025-06-14 22:50:00+00:00,78193.443,8236420305.6177
2025-06-14 22:55:00+00:00,78175.827,8238270277.8351
2025-06-14 23:00:00+00:00,78173.413,8239196305.9132
2025-06-14 23:05:00+00:00,78167.068,8236771049.78002
2025-06-14 23:10:00+00:00,78199.163,8240853393.30887
2025-06-14 23:15:00+00:00,78244.45,8245462736.56
2025-06-14 23:20:00+00:00,78235.792,8241546095.1808
2025-06-14 23:25:00+00:00,78231.169,8238532230.5069
2025-06-14 23:30:00+00:00,78231.006,8240050016.82194
2025-06-14 23:35:00+00:00,78230.303,8238519262.2633
2025-06-14 23:40:00+00:00,78231.717,8245546577.96117
2025-06-14 23:45:00+00:00,78222.59,8244942889.44467
2025-06-14 23:50:00+00:00,78216.34,8242238053.13184
2025-06-14 23:55:00+00:00,78206.608,8239832577.5584
2025-06-15 00:00:00+00:00,78234.97,8238762617.03867
2025-06-15 00:05:00+00:00,78176.81,8232487153.86
2025-06-15 00:10:00+00:00,78203.236,8243553540.03521
2025-06-15 00:15:00+00:00,78167.251,8242431765.6711
2025-06-15 00:20:00+00:00,78151.325,8235326057.54165
2025-06-15 00:25:00+00:00,78146.281,8233344930.92155
2025-06-15 00:30:00+00:00,78243.39,8242784649.72
2025-06-15 00:35:00+00:00,78283.161,8249197686.8004
2025-06-15 00:40:00+00:00,78303.434,8254270361.3326
2025-06-15 00:45:00+00:00,78310.847,8256586687.1745
2025-06-15 00:50:00+00:00,78169.893,8251174183.00525
2025-06-15 00:55:00+00:00,78187.536,8256089856.25782
2025-06-15 01:00:00+00:00,78244.414,8258650951.0516
2025-06-15 01:05:00+00:00,78366.152,8270512910.3936
2025-06-15 01:10:00+00:00,78433.887,8275996491.05788
2025-06-15 01:15:00+00:00,78475.27,8271921260.16
2025-06-15 01:20:00+00:00,78473.171,8272374878.0386
2025-06-15 01:25:00+00:00,78488.761,8271946219.5422
2025-06-15 01:30:00+00:00,78488.331,8268713949.05167
2025-06-15 01:35:00+00:00,78493.313,8272841970.2915
2025-06-15 01:40:00+00:00,78496.189,8274864154.2886
2025-06-15 01:45:00+00:00,78616.791,8282900004.4989
2025-06-15 01:50:00+00:00,78625.227,8286812270.75679
2025-06-15 01:55:00+00:00,78630.601,8284669519.5019
2025-06-15 02:00:00+00:00,78642.304,8292532116.0448
2025-06-15 02:05:00+00:00,78625.791,8293655692.43884
2025-06-15 02:10:00+00:00,78561.599,8292599750.66859
2025-06-15 02:15:00+00:00,78559.231,8287488235.4985
2025-06-15 02:20:00+00:00,78560.667,8290766438.7111
2025-06-15 02:25:00+00:00,78571.651,8293237763.05
2025-06-15 02:30:00+00:00,78599.831,8292172130.7366
2025-06-15 02:35:00+00:00,78603.908,8292818500.69529
2025-06-15 02:40:00+00:00,78606.916,8291551955.85772
2025-06-15 02:45:00+00:00,78607.845,8291689123.9365
2025-06-15 02:50:00+00:00,78647.898,8293027604.61
2025-06-15 02:55:00+00:00,78656.835,8292129396.636
2025-06-15 03:00:00+00:00,78650.349,8292743362.8969
2025-06-15 03:05:00+00:00,78632.671,8291241138.4517
2025-06-15 03:10:00+00:00,78620.74,8290594452.7692
2025-06-15 03:15:00+00:00,78620.241,8291573648.7276
2025-06-15 03:20:00+00:00,78605.976,8289703695.81843
2025-06-15 03:25:00+00:00,78572.407,8288525974.33759
2025-06-15 03:30:00+00:00,78561.03,8286743142.048
2025-06-15 03:35:00+00:00,78555.792,8286782636.12174
2025-06-15 03:40:00+00:00,78552.995,8286743615.68001
2025-06-15 03:45:00+00:00,78542.85,8283270338.13
2025-06-15 03:50:00+00:00,78539.081,8281160700.64
2025-06-15 03:55:00+00:00,78531.609,8279234144.6295
2025-06-15 04:00:00+00:00,78537.222,8281176738.1794
2025-06-15 04:05:00+00:00,78533.889,8280773631.18226
2025-06-15 04:10:00+00:00,78537.086,8282670310.0234
2025-06-15 04:15:00+00:00,78542.178,8282320608.43223
2025-06-15 04:20:00+00:00,78531.388,8281975150.4516
2025-06-15 04:25:00+00:00,78534.241,8281949147.41158
2025-06-15 04:30:00+00:00,78538.595,8282785509.11719
2025-06-15 04:35:00+00:00,78533.522,8282247323.6986
2025-06-15 04:40:00+00:00,78549.727,8284278377.9458
2025-06-15 04:45:00+00:00,78567.719,8290134655.25568
2025-06-15 04:50:00+00:00,78569.116,8288770629.28692
2025-06-15 04:55:00+00:00,78567.488,8289695169.50176
2025-06-15 05:00:00+00:00,78568.449,8288147488.50282
2025-06-15 05:05:00+00:00,78586.691,8289056971.9306
2025-06-15 05:10:00+00:00,78576.255,8288722016.62059
2025-06-15 05:15:00+00:00,78573.474,8286067846.1862
2025-06-15 05:20:00+00:00,78585.739,8288681508.1209
2025-06-15 05:25:00+00:00,78569.629,8299089916.3088
2025-06-15 05:30:00+00:00,78654.291,8312930699.48849
2025-06-15 05:35:00+00:00,78684.486,8322197097.75792
2025-06-15 05:40:00+00:00,78715.876,8326714923.4444
2025-06-15 05:45:00+00:00,79028.551,8372047607.287
2025-06-15 05:50:00+00:00,79086.161,8376481919.8599
2025-06-15 05:55:00+00:00,79148.064,8392779104.90602
2025-06-15 06:00:00+00:00,79109.342,8376540143.2752
2025-06-15 06:05:00+00:00,79154.178,8373158495.9562
2025-06-15 06:10:00+00:00,79203.811,8376744877.70846
2025-06-15 06:15:00+00:00,79203.225,8374481712.4725
2025-06-15 06:20:00+00:00,78869.246,8330047846.09645
2025-06-15 06:25:00+00:00,78821.013,8314135036.4556
2025-06-15 06:30:00+00:00,78818.486,8304920361.82205
2025-06-15 06:35:00+00:00,78839.528,8314739864.9448
2025-06-15 06:40:00+00:00,78823.024,8313598340.4208
2025-06-15 06:45:00+00:00,78813.593,8311374144.7673
2025-06-15 06:50:00+00:00,78802.743,8308119721.68936
2025-06-15 06:55:00+00:00,78762.074,8301365425.03038
2025-06-15 07:00:00+00:00,78772.719,8303014540.9584
2025-06-15 07:05:00+00:00,78725.167,8286390647.9524
2025-06-15 07:10:00+00:00,78690.473,8292788892.80718
2025-06-15 07:15:00+00:00,78673.977,8285799903.10687
2025-06-15 07:20:00+00:00,78679.428,8283535406.6388
2025-06-15 07:25:00+00:00,78743.746,8286235889.0784
2025-06-15 07:30:00+00:00,78839.887,8297346227.541
2025-06-15 07:35:00+00:00,78818.416,8300973576.54303
2025-06-15 07:40:00+00:00,78835.181,8301793919.8317
2025-06-15 07:45:00+00:00,78872.132,8310693451.1344
2025-06-15 07:50:00+00:00,78856.794,8311556186.23518
2025-06-15 07:55:00+00:00,78873.189,8311554217.40821
2025-06-15 08:00:00+00:00,78852.2,8306566730.7
2025-06-15 08:05:00+00:00,78837.03,8299394891.784
2025-06-15 08:10:00+00:00,78853.542,8297868619.6188
2025-06-15 08:15:00+00:00,78857.548,8298414457.24549
2025-06-15 08:20:00+00:00,78869.743,8301554800.9218
2025-06-15 08:25:00+00:00,78881.535,8298384810.921
2025-06-15 08:30:00+00:00,78893.257,8298725083.5974
2025-06-15 08:35:00+00:00,78871.72,8293755716.6
2025-06-15 08:40:00+00:00,78859.935,8295632155.81145
2025-06-15 08:45:00+00:00,78869.0,8293848266.2
2025-06-15 08:50:00+00:00,78886.147,8293411074.7158
2025-06-15 08:55:00+00:00,78905.845,8296606552.58492
2025-06-15 09:00:00+00:00,78844.182,8279564506.16362
2025-06-15 09:05:00+00:00,78836.374,8276379447.88211
2025-06-15 09:10:00+00:00,78796.154,8266433599.6014
2025-06-15 09:15:00+00:00,78796.914,8265182650.20179
2025-06-15 09:20:00+00:00,78851.861,8275267514.28285
2025-06-15 09:25:00+00:00,78870.059,8272704149.5277
2025-06-15 09:30:00+00:00,78874.865,8273184589.85
2025-06-15 09:35:00+00:00,78831.445,8274626272.5856
2025-06-15 09:40:00+00:00,78858.665,8274992621.54767
2025-06-15 09:45:00+00:00,78863.784,8274006627.14587
2025-06-15 09:50:00+00:00,78856.98,8269936520.748
2025-06-15 09:55:00+00:00,78862.252,8271339532.45677
2025-06-15 10:00:00+00:00,78871.561,8276390389.53688
2025-06-15 10:05:00+00:00,78848.034,8282003796.83572
2025-06-15 10:10:00+00:00,78806.404,8281564152.52909
2025-06-15 10:15:00+00:00,78812.702,8278548675.71825
2025-06-15 10:20:00+00:00,78831.317,8280612931.89302
2025-06-15 10:25:00+00:00,78853.59,8279469242.82
2025-06-15 10:30:00+00:00,78872.905,8280573880.89908
2025-06-15 10:35:00+00:00,78884.945,8279219521.0795
2025-06-15 10:40:00+00:00,78915.302,8290393156.46132
2025-06-15 10:45:00+00:00,78896.562,8293162274.87177
2025-06-15 10:50:00+00:00,78922.928,8292645771.96629
2025-06-15 10:55:00+00:00,78923.499,8292967193.70834
2025-06-15 11:00:00+00:00,78932.825,8293097992.21877
2025-06-15 11:05:00+00:00,78933.868,8291334493.30111
2025-06-15 11:10:00+00:00,78943.123,8293840220.56196
2025-06-15 11:15:00+00:00,78947.824,8291113173.06327
2025-06-15 11:20:00+00:00,78943.428,8289059940.0
2025-06-15 11:25:00+00:00,78926.768,8283844126.59164
2025-06-15 11:30:00+00:00,78941.365,8281109251.55656
2025-06-15 11:35:00+00:00,78943.001,8284152216.1384
2025-06-15 11:40:00+00:00,78956.773,8283581053.17238
2025-06-15 11:45:00+00:00,78975.524,8287580922.8264
2025-06-15 11:50:00+00:00,78990.906,8291871682.62868
2025-06-15 11:55:00+00:00,79070.381,8296767610.159
2025-06-15 12:00:00+00:00,79087.244,8299091127.6596
2025-06-15 12:05:00+00:00,79001.939,8300971534.86712
2025-06-15 12:10:00+00:00,78889.084,8290216775.00506
2025-06-15 12:15:00+00:00,78832.115,8286538890.40589
2025-06-15 12:20:00+00:00,78833.244,8278969932.11219
2025-06-15 12:25:00+00:00,78824.731,8276580990.0538
2025-06-15 12:30:00+00:00,78835.981,8278296441.83675
2025-06-15 12:35:00+00:00,78854.338,8280028792.7858
2025-06-15 12:40:00+00:00,78863.155,8285252881.02232
2025-06-15 12:45:00+00:00,78823.904,8283824778.2912
2025-06-15 12:50:00+00:00,78610.525,8272177068.06082
2025-06-15 12:55:00+00:00,78633.923,8276228259.1423
2025-06-15 13:00:00+00:00,78684.385,8280398466.106
2025-06-15 13:05:00+00:00,78834.633,8312236985.4237
2025-06-15 13:10:00+00:00,78779.797,8300217524.55185
2025-06-15 13:15:00+00:00,78762.168,8292797782.7688
2025-06-15 13:20:00+00:00,78745.965,8309297850.5895
2025-06-15 13:25:00+00:00,78741.8,8303118081.32
2025-06-15 13:30:00+00:00,78752.853,8299164655.9872
2025-06-15 13:35:00+00:00,78705.454,8284923818.48252
2025-06-15 13:40:00+00:00,78751.689,8304861740.6907
2025-06-15 13:45:00+00:00,78702.163,8300095384.5223
2025-06-15 13:50:00+00:00,78710.087,8303670733.61931
2025-06-15 13:55:00+00:00,78721.18,8303329007.686
2025-06-15 14:00:00+00:00,78618.489,8281687354.9578
2025-06-15 14:05:00+00:00,78588.414,8286189477.6492
2025-06-15 14:10:00+00:00,78590.822,8279857460.988
2025-06-15 14:15:00+00:00,78551.646,8271488323.8
2025-06-15 14:20:00+00:00,78543.131,8272100721.56315
2025-06-15 14:25:00+00:00,78551.074,8273594096.79796
2025-06-15 14:30:00+00:00,78554.35,8276344918.17
2025-06-15 14:35:00+00:00,78547.262,8290534347.07292
2025-06-15 14:40:00+00:00,78550.062,8285625494.8902
2025-06-15 14:45:00+00:00,78528.24,8295605481.24
2025-06-15 14:50:00+00:00,78635.572,8314036801.3164
2025-06-15 14:55:00+00:00,78628.49,8304741113.8
2025-06-15 15:00:00+00:00,78662.533,8304411550.59034
2025-06-15 15:05:00+00:00,78668.01,8305281521.72144
2025-06-15 15:10:00+00:00,78648.173,8303188661.46005
2025-06-15 15:15:00+00:00,78637.052,8299212921.3864
2025-06-15 15:20:00+00:00,78662.375,8307029984.55
2025-06-15 15:25:00+00:00,78611.228,8309198938.4772
2025-06-15 15:30:00+00:00,78612.97,8307496356.423
2025-06-15 15:35:00+00:00,78581.179,8308945982.0409
2025-06-15 15:40:00+00:00,78604.438,8299119031.49938
2025-06-15 15:45:00+00:00,78595.795,8297648882.5915
2025-06-15 15:50:00+00:00,78571.784,8294964802.73775
2025-06-15 15:55:00+00:00,78578.005,8292022555.63
2025-06-15 16:00:00+00:00,78581.193,8296173349.75024
2025-06-15 16:05:00+00:00,78589.081,8299022808.37732
2025-06-15 16:10:00+00:00,78574.078,8290036673.468
2025-06-15 16:15:00+00:00,78631.382,8288408166.4088
2025-06-15 16:20:00+00:00,78659.665,8287622591.82818
2025-06-15 16:25:00+00:00,78682.879,8291475896.4136
2025-06-15 16:30:00+00:00,78696.256,8290335784.576
2025-06-15 16:35:00+00:00,78646.005,8290097503.67426
2025-06-15 16:40:00+00:00,78603.186,8290513836.978
2025-06-15 16:45:00+00:00,78577.701,8293408992.27128
2025-06-15 16:50:00+00:00,78590.348,8290055704.5712
2025-06-15 16:55:00+00:00,78606.684,8295041075.1156
2025-06-15 17:00:00+00:00,78590.454,8289696891.45723
2025-06-15 17:05:00+00:00,78565.473,8288320929.49054
2025-06-15 17:10:00+00:00,78573.531,8285003067.36318
2025-06-15 17:15:00+00:00,78557.241,8289045841.356
2025-06-15 17:20:00+00:00,78560.998,8285132305.00833
2025-06-15 17:25:00+00:00,78556.181,8287739704.49188
2025-06-15 17:30:00+00:00,78564.001,8291526819.5385
2025-06-15 17:35:00+00:00,78561.708,8300211289.91043
2025-06-15 17:40:00+00:00,78574.458,8303321869.96744
2025-06-15 17:45:00+00:00,78581.125,8308382346.25
2025-06-15 17:50:00+00:00,78590.336,8301838525.17073
2025-06-15 17:55:00+00:00,78602.37,8303643477.39587
2025-06-15 18:00:00+00:00,78599.699,8297951002.7377
2025-06-15 18:05:00+00:00,78608.159,8291372854.51553
2025-06-15 18:10:00+00:00,78609.953,8294560634.7762
2025-06-15 18:15:00+00:00,78610.141,8288698521.13259
2025-06-15 18:20:00+00:00,78614.694,8288323333.13308
2025-06-15 18:25:00+00:00,78598.663,8291420119.0678
2025-06-15 18:30:00+00:00,78586.677,8289013286.52452
2025-06-15 18:35:00+00:00,78603.787,8290789456.4759
2025-06-15 18:40:00+00:00,78603.507,8290265165.18164
2025-06-15 18:45:00+00:00,78630.499,8293426073.2266
2025-06-15 18:50:00+00:00,78675.519,8300962359.83679
2025-06-15 18:55:00+00:00,78677.622,8295726068.1293
2025-06-15 19:00:00+00:00,78670.161,8294352414.552
2025-06-15 19:05:00+00:00,78679.847,8300857614.2399
2025-06-15 19:10:00+00:00,78680.928,8300365818.432
2025-06-15 19:15:00+00:00,78693.773,8298140322.1905
2025-06-15 19:20:00+00:00,78702.236,8300504464.6592
2025-06-15 19:25:00+00:00,78703.175,8298454901.6825
2025-06-15 19:30:00+00:00,78690.863,8298595584.92704
2025-06-15 19:35:00+00:00,78919.418,8309404145.49551
2025-06-15 19:40:00+00:00,79404.867,8346025622.91582
2025-06-15 19:45:00+00:00,79398.512,8355134477.49868
2025-06-15 19:50:00+00:00,79393.627,8346076656.14109
2025-06-15 19:55:00+00:00,79141.082,8329749248.5558
2025-06-15 20:00:00+00:00,79083.804,8315627152.17877
2025-06-15 20:05:00+00:00,79079.607,8313670715.7528
2025-06-15 20:10:00+00:00,79077.947,8305714084.08648
2025-06-15 20:15:00+00:00,79039.066,8294723165.7436
2025-06-15 20:20:00+00:00,79070.043,8297879150.5662
2025-06-15 20:25:00+00:00,79050.456,8296337452.1544
2025-06-15 20:30:00+00:00,79040.933,8297361458.99093
