datetime,open,high,low,close,volume
2021-08-13 06:30:00,44847.26,44847.26,44847.26,44847.26,0.0
2021-08-13 06:30:01,44847.27,44930.0,44847.27,44923.01,15.448023
2021-08-13 06:30:02,44926.89,44930.0,44923.01,44925.17,4.107502
2021-08-13 06:30:03,44930.0,44930.0,44925.17,44930.0,4.406965
2021-08-13 06:30:04,44927.6,44930.0,44927.6,44930.0,12.717629
2021-08-13 06:30:05,44927.61,45034.0,44927.61,45034.0,93.487621
2021-08-13 06:30:06,45023.03,45023.03,45023.0,45023.01,0.824535
2021-08-13 06:30:07,45023.01,45023.01,44995.0,45022.91,2.003139
2021-08-13 06:30:08,45022.91,45100.0,45022.91,45075.27,20.739183
2021-08-13 06:30:09,45089.36,45089.36,45075.27,45075.27,2.347036
2021-08-13 06:30:10,45075.28,45090.12,45060.0,45090.12,2.63813
2021-08-13 06:30:11,45090.12,45090.12,45039.25,45082.24,0.712499
2021-08-13 06:30:12,45082.22,45100.0,45039.27,45100.0,12.202489
2021-08-13 06:30:13,45099.97,45099.97,45039.01,45039.02,1.810139
2021-08-13 06:30:14,45093.6,45093.6,45023.01,45053.79,2.287678
2021-08-13 06:30:15,45053.79,45100.0,45025.2,45062.85,1.345823
2021-08-13 06:30:16,45093.41,45097.41,45060.87,45097.41,0.502655
2021-08-13 06:30:17,45095.49,45095.49,45043.52,45086.45,0.430137
2021-08-13 06:30:18,45077.31,45093.41,45040.87,45079.59,0.76002
2021-08-13 06:30:19,45080.08,45100.0,45076.42,45077.9,0.924762
2021-08-13 06:30:20,45078.14,45098.68,45076.51,45097.21,1.635584
2021-08-13 06:30:21,45080.26,45095.79,45076.42,45095.79,0.501619
2021-08-13 06:30:22,45082.65,45100.0,45051.05,45071.81,1.879018
2021-08-13 06:30:23,45054.66,45096.44,45051.05,45088.96,0.601676
2021-08-13 06:30:24,45088.95,45117.0,45055.45,45115.0,26.345195
2021-08-13 06:30:25,45115.0,45117.0,45110.0,45110.0,0.662217
2021-08-13 06:30:26,45110.0,45116.99,45098.63,45098.67,0.664567
2021-08-13 06:30:27,45116.99,45132.13,45084.84,45084.84,11.54117
2021-08-13 06:30:28,45084.84,45155.0,45051.63,45150.0,10.765001
2021-08-13 06:30:29,45150.01,45188.0,45150.0,45187.44,17.214208
2021-08-13 06:30:30,45187.44,45194.0,45182.18,45182.19,2.861387
2021-08-13 06:30:31,45182.19,45194.0,45166.11,45167.06,1.454745
2021-08-13 06:30:32,45190.29,45194.0,45150.0,45150.03,0.945985
2021-08-13 06:30:33,45174.16,45195.0,45150.01,45195.0,2.274611
2021-08-13 06:30:34,45195.0,45198.87,45194.0,45198.87,0.517748
2021-08-13 06:30:35,45198.88,45200.0,45194.0,45200.0,2.880369
2021-08-13 06:30:36,45200.0,45200.0,45194.01,45200.0,28.066731
2021-08-13 06:30:37,45194.0,45200.0,45194.0,45200.0,1.031331
2021-08-13 06:30:38,45195.0,45200.0,45195.0,45200.0,1.709091
2021-08-13 06:30:39,45200.0,45200.0,45194.0,45194.0,1.825763
2021-08-13 06:30:40,45200.0,45222.0,45194.0,45221.99,5.333694
2021-08-13 06:30:41,45221.96,45222.0,45194.0,45222.0,5.798951
2021-08-13 06:30:42,45221.98,45222.0,45200.0,45221.93,0.261338
2021-08-13 06:30:43,45200.0,45241.63,45200.0,45240.0,2.44032
2021-08-13 06:30:44,45240.01,45240.01,45240.0,45240.0,1.339861
2021-08-13 06:30:45,45240.0,45240.01,45240.0,45240.01,0.296802
2021-08-13 06:30:46,45240.01,45242.37,45240.0,45242.37,0.830521
2021-08-13 06:30:47,45242.37,45247.48,45242.36,45247.48,0.319508
2021-08-13 06:30:48,45247.47,45247.47,45242.36,45242.37,0.564209
2021-08-13 06:30:49,45242.37,45247.74,45242.36,45242.36,1.022711
2021-08-13 06:30:50,45242.37,45250.0,45242.36,45242.36,3.340899
2021-08-13 06:30:51,45242.37,45244.28,45242.36,45242.36,1.028537
2021-08-13 06:30:52,45242.36,45250.0,45240.01,45240.02,2.186529
2021-08-13 06:30:53,45240.01,45250.61,45240.0,45250.61,2.763599
2021-08-13 06:30:54,45250.62,45258.41,45250.61,45258.41,1.305418
2021-08-13 06:30:55,45258.41,45263.0,45250.62,45263.0,0.570136
2021-08-13 06:30:56,45251.76,45269.5,45251.76,45254.96,4.639638
2021-08-13 06:30:57,45269.44,45269.44,45255.64,45257.76,0.381671
2021-08-13 06:30:58,45262.65,45269.5,45250.61,45264.13,8.827327
2021-08-13 06:30:59,45264.13,45281.17,45264.12,45280.48,3.97711
2021-08-13 06:31:00,45279.34,45300.0,45264.72,45274.98,4.682529
2021-08-13 06:31:01,45274.98,45300.0,45269.94,45296.28,16.055691
2021-08-13 06:31:02,45293.88,45300.0,45279.04,45299.74,0.682501
2021-08-13 06:31:03,45281.32,45391.23,45281.3,45370.0,24.537259
2021-08-13 06:31:04,45370.01,45400.0,45370.0,45370.0,10.379653
2021-08-13 06:31:05,45370.01,45428.57,45370.0,45428.57,2.44443
2021-08-13 06:31:06,45403.0,45431.5,45376.08,45384.51,0.548648
2021-08-13 06:31:07,45382.58,45435.76,45370.0,45396.57,1.464672
2021-08-13 06:31:08,45420.59,45429.66,45391.2,45425.32,0.424251
2021-08-13 06:31:09,45425.32,45425.32,45400.0,45400.01,0.811236
2021-08-13 06:31:10,45404.36,45437.0,45400.0,45421.24,4.082357
2021-08-13 06:31:11,45421.38,45444.25,45400.0,45404.65,4.98273
2021-08-13 06:31:12,45439.25,45455.0,45404.15,45440.9,8.428005
2021-08-13 06:31:13,45440.9,45455.0,45370.0,45422.12,4.944196
2021-08-13 06:31:14,45422.12,45455.0,45320.0,45337.91,3.640818
2021-08-13 06:31:15,45337.91,45455.0,45337.91,45421.54,0.336995
2021-08-13 06:31:16,45451.39,45456.56,45421.54,45456.56,0.402395
2021-08-13 06:31:17,45455.28,45456.56,45450.0,45450.01,0.589626
2021-08-13 06:31:18,45453.63,45462.0,45436.14,45437.5,1.622751
2021-08-13 06:31:19,45437.5,45462.0,45423.78,45425.81,0.466691
2021-08-13 06:31:20,45426.59,45437.5,45421.54,45421.56,0.740238
2021-08-13 06:31:21,45421.54,45437.5,45421.54,45437.5,1.033394
2021-08-13 06:31:22,45434.27,45473.68,45421.81,45473.68,5.165544
2021-08-13 06:31:23,45471.93,45485.0,45441.02,45448.67,1.330579
2021-08-13 06:31:24,45449.45,45490.0,45428.67,45432.98,2.218164
2021-08-13 06:31:25,45432.98,45450.65,45431.14,45446.11,0.280382
2021-08-13 06:31:26,45445.3,45450.65,45404.05,45450.65,1.402863
2021-08-13 06:31:27,45444.68,45450.65,45404.05,45407.81,1.120024
2021-08-13 06:31:28,45427.97,45481.93,45401.04,45475.31,1.697686
2021-08-13 06:31:29,45475.31,45481.93,45428.3,45444.82,0.977235
2021-08-13 06:31:30,45455.12,45455.52,45430.46,45443.66,0.326655
2021-08-13 06:31:31,45443.66,45445.39,45430.47,45441.85,0.865565
2021-08-13 06:31:32,45441.85,45445.39,45441.85,45445.39,0.162968
2021-08-13 06:31:33,45445.39,45500.0,45443.61,45482.01,6.341587
2021-08-13 06:31:34,45500.0,45500.0,45481.93,45481.93,2.170649
2021-08-13 06:31:35,45481.95,45500.0,45481.93,45495.12,3.803977
2021-08-13 06:31:36,45498.11,45500.0,45482.66,45500.0,0.536652
2021-08-13 06:31:37,45500.0,45500.0,45495.02,45499.96,1.349612
2021-08-13 06:31:38,45499.95,45500.0,45481.93,45482.91,1.68828
2021-08-13 06:31:39,45493.71,45495.02,45481.93,45492.98,0.859427
2021-08-13 06:31:40,45492.98,45495.02,45482.16,45488.67,0.760462
2021-08-13 06:31:41,45495.02,45495.02,45488.52,45495.02,0.956456
2021-08-13 06:31:42,45495.02,45495.02,45488.8,45493.24,0.750772
2021-08-13 06:31:43,45495.02,45500.0,45493.24,45500.0,0.397369
2021-08-13 06:31:44,45493.54,45500.0,45493.54,45499.96,6.074265
2021-08-13 06:31:45,45500.0,45500.0,45465.61,45468.21,2.883138
2021-08-13 06:31:46,45498.86,45500.0,45467.1,45500.0,0.68378
2021-08-13 06:31:47,45498.86,45500.0,45471.16,45498.99,1.306999
2021-08-13 06:31:48,45480.15,45500.0,45480.15,45487.16,0.336592
2021-08-13 06:31:49,45487.32,45498.67,45486.64,45496.79,0.17375
2021-08-13 06:31:50,45496.79,45498.44,45487.68,45496.68,0.432704
2021-08-13 06:31:51,45499.42,45500.0,45478.0,45478.0,0.685083
2021-08-13 06:31:52,45478.02,45488.3,45460.0,45486.74,0.841664
2021-08-13 06:31:53,45485.16,45486.74,45464.68,45485.14,0.28769
2021-08-13 06:31:54,45476.51,45488.0,45475.54,45488.0,0.799704
2021-08-13 06:31:55,45488.0,45488.0,45479.72,45486.01,0.748462
2021-08-13 06:31:56,45486.0,45488.0,45475.1,45475.13,1.66566
2021-08-13 06:31:57,45485.72,45500.0,45476.36,45498.5,1.189422
2021-08-13 06:31:58,45498.45,45500.0,45498.44,45500.0,0.240048
2021-08-13 06:31:59,45500.0,45500.0,45499.95,45499.95,0.28007
2021-08-13 06:32:00,45499.96,45500.0,45499.95,45500.0,1.013562
2021-08-13 06:32:01,45499.99,45500.0,45499.72,45499.72,1.108804
2021-08-13 06:32:02,45499.99,45500.01,45499.72,45500.0,1.175804
2021-08-13 06:32:03,45499.99,45500.0,45499.98,45499.99,0.45073
2021-08-13 06:32:04,45499.99,45501.0,45499.72,45500.0,2.723807
2021-08-13 06:32:05,45500.99,45501.0,45499.72,45500.99,0.088408
2021-08-13 06:32:06,45500.99,45503.0,45500.44,45503.0,0.43389
2021-08-13 06:32:07,45501.01,45504.35,45500.44,45500.44,0.368183
2021-08-13 06:32:08,45500.44,45504.35,45500.0,45504.35,0.205315
2021-08-13 06:32:09,45500.19,45510.66,45500.19,45510.66,1.745076
2021-08-13 06:32:10,45510.66,45510.66,45502.7,45510.66,1.634549
2021-08-13 06:32:11,45510.66,45510.66,45510.62,45510.66,0.929598
2021-08-13 06:32:12,45510.63,45511.0,45510.63,45511.0,0.159549
2021-08-13 06:32:13,45510.63,45511.0,45510.63,45510.99,0.100445
2021-08-13 06:32:14,45510.99,45511.03,45502.7,45511.03,0.791558
2021-08-13 06:32:15,45510.99,45512.34,45502.7,45512.34,1.562507
2021-08-13 06:32:16,45511.61,45516.06,45510.94,45516.06,1.529533
2021-08-13 06:32:17,45516.06,45517.24,45511.04,45516.05,0.128467
2021-08-13 06:32:18,45516.05,45519.5,45512.34,45519.5,0.262228
2021-08-13 06:32:19,45512.59,45519.91,45512.58,45518.5,0.265852
2021-08-13 06:32:20,45518.5,45520.0,45502.7,45515.75,12.989853
2021-08-13 06:32:21,45515.68,45520.0,45512.34,45520.0,0.448806
2021-08-13 06:32:22,45520.0,45520.0,45502.7,45519.73,1.721214
2021-08-13 06:32:23,45511.21,45519.73,45502.7,45515.83,0.428985
2021-08-13 06:32:24,45511.14,45520.0,45511.13,45520.0,0.53425
2021-08-13 06:32:25,45519.95,45520.0,45510.43,45519.45,0.263397
2021-08-13 06:32:26,45519.99,45520.0,45500.0,45500.0,12.230765
2021-08-13 06:32:27,45515.09,45515.09,45500.51,45508.56,0.469736
2021-08-13 06:32:28,45508.56,45520.0,45502.18,45519.99,0.99988
2021-08-13 06:32:29,45519.99,45520.0,45509.32,45520.0,0.59682
2021-08-13 06:32:30,45520.0,45520.0,45502.94,45520.0,1.482451
2021-08-13 06:32:31,45518.51,45520.0,45508.62,45520.0,0.517714
2021-08-13 06:32:32,45520.0,45525.69,45516.39,45525.69,1.266911
2021-08-13 06:32:33,45525.67,45536.0,45500.0,45500.0,3.609071
2021-08-13 06:32:34,45500.0,45500.0,45498.44,45499.99,19.489899
2021-08-13 06:32:35,45498.44,45500.0,45498.44,45499.99,2.423557
2021-08-13 06:32:36,45499.99,45536.89,45498.44,45519.45,5.751119
2021-08-13 06:32:37,45534.37,45534.39,45500.0,45500.0,0.630597
2021-08-13 06:32:38,45500.22,45532.15,45498.44,45506.95,1.06861
2021-08-13 06:32:39,45527.54,45527.54,45509.69,45517.99,0.065941
2021-08-13 06:32:40,45517.88,45532.14,45498.44,45518.26,1.407122
2021-08-13 06:32:41,45518.73,45536.0,45513.13,45535.66,0.488317
2021-08-13 06:32:42,45535.66,45536.89,45509.22,45536.89,1.599456
2021-08-13 06:32:43,45535.66,45539.0,45522.94,45534.6,0.454466
2021-08-13 06:32:44,45534.6,45538.99,45534.33,45534.33,0.042358
2021-08-13 06:32:45,45534.33,45538.99,45534.33,45534.33,0.092158
2021-08-13 06:32:46,45534.33,45537.34,45534.32,45534.32,0.099938
2021-08-13 06:32:47,45537.06,45539.0,45509.22,45513.17,1.140453
2021-08-13 06:32:48,45520.01,45523.18,45520.01,45520.02,0.093168
2021-08-13 06:32:49,45522.17,45522.17,45520.02,45520.03,0.123753
2021-08-13 06:32:50,45522.15,45522.16,45520.02,45522.15,0.257972
2021-08-13 06:32:51,45520.03,45522.16,45520.0,45520.01,0.185506
2021-08-13 06:32:52,45522.15,45523.86,45512.0,45514.14,0.778559
2021-08-13 06:32:53,45522.15,45541.0,45514.26,45541.0,0.861781
2021-08-13 06:32:54,45534.05,45537.7,45520.13,45534.06,0.378129
2021-08-13 06:32:55,45537.7,45539.21,45523.18,45526.22,0.199827
2021-08-13 06:32:56,45536.33,45536.39,45523.18,45536.29,0.316892
2021-08-13 06:32:57,45536.27,45536.84,45523.18,45524.19,0.647835
2021-08-13 06:32:58,45524.19,45529.37,45523.18,45524.18,0.052033
2021-08-13 06:32:59,45523.18,45535.0,45523.18,45535.0,0.122808
2021-08-13 06:33:00,45531.15,45572.33,45529.32,45572.33,8.096872
2021-08-13 06:33:01,45572.33,45572.33,45570.1,45570.64,0.989173
2021-08-13 06:33:02,45572.33,45572.33,45570.0,45570.1,0.51804
2021-08-13 06:33:03,45570.1,45574.62,45570.0,45571.47,1.008806
2021-08-13 06:33:04,45571.48,45574.62,45570.0,45570.0,0.184342
2021-08-13 06:33:05,45570.0,45575.0,45552.51,45570.11,1.421301
2021-08-13 06:33:06,45572.04,45600.0,45556.05,45591.0,8.039598
2021-08-13 06:33:07,45591.0,45600.0,45550.0,45571.0,1.169982
2021-08-13 06:33:08,45571.07,45598.26,45550.0,45557.12,0.774519
2021-08-13 06:33:09,45557.12,45600.0,45557.12,45600.0,1.748504
2021-08-13 06:33:10,45599.72,45600.0,45581.41,45599.53,0.234222
2021-08-13 06:33:11,45585.72,45600.0,45580.0,45594.99,8.147081
2021-08-13 06:33:12,45580.06,45594.53,45569.98,45569.99,1.210556
2021-08-13 06:33:13,45569.99,45569.99,45499.83,45547.08,4.254268
2021-08-13 06:33:14,45547.45,45600.0,45547.08,45572.38,1.349177
2021-08-13 06:33:15,45569.98,45594.42,45569.98,45593.28,0.124199
2021-08-13 06:33:16,45593.12,45600.0,45570.64,45600.0,0.402915
2021-08-13 06:33:17,45579.32,45600.0,45575.07,45579.42,0.555357
2021-08-13 06:33:18,45597.71,45600.0,45570.65,45573.88,0.859885
2021-08-13 06:33:19,45594.43,45600.0,45575.6,45597.9,0.635234
2021-08-13 06:33:20,45598.12,45600.0,45598.12,45598.12,0.071183
2021-08-13 06:33:21,45598.12,45598.26,45577.89,45598.26,1.04993
2021-08-13 06:33:22,45598.22,45598.23,45578.23,45598.22,0.610982
2021-08-13 06:33:23,45598.22,45598.23,45579.18,45582.52,0.586143
2021-08-13 06:33:24,45597.32,45598.42,45582.67,45594.74,0.625954
2021-08-13 06:33:25,45583.11,45594.78,45582.93,45583.2,0.583281
2021-08-13 06:33:26,45583.17,45598.42,45583.05,45583.1,1.882068
2021-08-13 06:33:27,45583.1,45598.42,45583.05,45586.91,1.780163
2021-08-13 06:33:28,45598.41,45600.53,45587.27,45598.41,8.018336
2021-08-13 06:33:29,45600.54,45610.77,45598.41,45606.02,1.98721
2021-08-13 06:33:30,45606.02,45609.96,45606.01,45606.01,1.352249
2021-08-13 06:33:31,45606.02,45609.99,45606.0,45606.02,0.799932
2021-08-13 06:33:32,45606.01,45609.99,45598.84,45598.84,0.327158
2021-08-13 06:33:33,45606.01,45606.02,45598.35,45598.35,1.061086
2021-08-13 06:33:34,45606.01,45606.01,45598.33,45606.01,0.086932
2021-08-13 06:33:35,45598.34,45606.0,45598.13,45598.13,0.267517
2021-08-13 06:33:36,45604.08,45604.08,45593.53,45593.54,2.473547
2021-08-13 06:33:37,45593.53,45600.63,45583.2,45600.61,1.149707
2021-08-13 06:33:38,45585.11,45604.08,45585.09,45597.4,0.980511
2021-08-13 06:33:39,45597.4,45606.01,45594.08,45606.01,0.912913
2021-08-13 06:33:40,45606.01,45609.99,45604.31,45609.99,1.47685
2021-08-13 06:33:41,45609.99,45609.99,45583.2,45605.98,5.107559
2021-08-13 06:33:42,45605.98,45610.43,45583.1,45605.97,1.851564
2021-08-13 06:33:43,45605.02,45614.09,45591.17,45604.87,0.321796
2021-08-13 06:33:44,45614.09,45614.09,45604.03,45604.03,0.219318
2021-08-13 06:33:45,45613.78,45621.53,45604.04,45621.5,1.395624
2021-08-13 06:33:46,45621.5,45627.31,45598.84,45626.5,4.632849
2021-08-13 06:33:47,45626.51,45656.42,45616.52,45656.41,6.305882
2021-08-13 06:33:48,45650.0,45659.49,45650.0,45650.0,1.356118
2021-08-13 06:33:49,45656.4,45660.14,45650.0,45660.14,1.020545
2021-08-13 06:33:50,45660.03,45662.12,45609.67,45660.09,4.180117
2021-08-13 06:33:51,45661.74,45700.0,45660.08,45675.0,8.825871
2021-08-13 06:33:52,45667.47,45692.87,45667.47,45672.99,0.344333
2021-08-13 06:33:53,45673.43,45691.53,45609.67,45636.36,7.86688
2021-08-13 06:33:54,45637.61,45664.04,45624.16,45624.16,0.980119
2021-08-13 06:33:55,45635.69,45652.89,45611.08,45612.41,0.574304
2021-08-13 06:33:56,45613.65,45651.41,45611.1,45627.57,1.470578
2021-08-13 06:33:57,45627.57,45648.88,45609.67,45609.67,0.460768
2021-08-13 06:33:58,45613.33,45639.06,45609.67,45609.75,2.368518
2021-08-13 06:33:59,45626.53,45626.53,45609.67,45624.25,1.189769
2021-08-13 06:34:00,45611.2,45624.35,45611.04,45611.04,0.229856
2021-08-13 06:34:01,45611.04,45624.95,45609.67,45623.85,2.589903
2021-08-13 06:34:02,45623.84,45652.47,45623.84,45652.47,0.528605
2021-08-13 06:34:03,45642.96,45651.68,45625.46,45650.0,0.165631
2021-08-13 06:34:04,45649.98,45673.49,45640.08,45648.04,0.978987
2021-08-13 06:34:05,45640.09,45656.87,45640.07,45650.01,0.340292
2021-08-13 06:34:06,45650.02,45656.41,45647.99,45647.99,0.302641
2021-08-13 06:34:07,45647.99,45650.55,45623.84,45649.74,0.281039
2021-08-13 06:34:08,45649.74,45654.13,45623.84,45642.87,0.715412
2021-08-13 06:34:09,45642.39,45645.59,45623.84,45643.74,0.751391
2021-08-13 06:34:10,45649.7,45650.0,45643.74,45650.0,0.296673
2021-08-13 06:34:11,45649.95,45650.0,45643.74,45649.96,0.27358
2021-08-13 06:34:12,45649.96,45650.0,45649.7,45649.7,0.113299
2021-08-13 06:34:13,45649.7,45649.97,45623.84,45625.26,0.970929
2021-08-13 06:34:14,45645.63,45650.0,45625.23,45650.0,0.478185
2021-08-13 06:34:15,45645.61,45653.85,45622.95,45650.01,1.556066
2021-08-13 06:34:16,45623.91,45651.11,45618.55,45627.74,0.320592
2021-08-13 06:34:17,45628.19,45653.85,45611.46,45651.27,2.26127
2021-08-13 06:34:18,45643.63,45645.42,45610.0,45610.0,1.286058
2021-08-13 06:34:19,45641.13,45645.41,45609.67,45640.03,1.02882
2021-08-13 06:34:20,45615.26,45640.02,45614.44,45615.19,0.806195
2021-08-13 06:34:21,45636.07,45655.0,45636.05,45654.98,2.045388
2021-08-13 06:34:22,45653.74,45655.0,45644.35,45655.0,0.905999
2021-08-13 06:34:23,45655.0,45655.0,45646.25,45655.0,0.2638
2021-08-13 06:34:24,45646.62,45654.7,45631.18,45640.56,0.356732
2021-08-13 06:34:25,45640.56,45655.0,45640.56,45650.7,0.391173
2021-08-13 06:34:26,45648.98,45656.87,45623.0,45656.87,0.856789
2021-08-13 06:34:27,45656.87,45666.95,45648.99,45666.95,0.38896
2021-08-13 06:34:28,45651.42,45665.72,45647.5,45650.51,0.893433
2021-08-13 06:34:29,45650.62,45665.47,45650.23,45664.9,0.329076
2021-08-13 06:34:30,45664.77,45664.77,45647.53,45649.54,0.791904
2021-08-13 06:34:31,45649.54,45664.9,45649.54,45663.89,0.495318
2021-08-13 06:34:32,45663.89,45663.89,45640.6,45659.23,2.916457
2021-08-13 06:34:33,45641.13,45664.9,45641.13,45664.9,0.456812
2021-08-13 06:34:34,45662.92,45671.68,45658.48,45659.01,0.407098
2021-08-13 06:34:35,45668.96,45677.3,45658.48,45658.48,0.251737
2021-08-13 06:34:36,45658.48,45686.62,45658.48,45685.95,1.795738
2021-08-13 06:34:37,45685.95,45689.74,45663.99,45680.17,0.544233
2021-08-13 06:34:38,45680.17,45689.68,45669.2,45669.2,20.958756
2021-08-13 06:34:39,45669.38,45686.01,45669.2,45669.46,0.478167
2021-08-13 06:34:40,45669.68,45688.72,45669.2,45688.72,1.464797
2021-08-13 06:34:41,45686.16,45700.0,45676.51,45685.88,1.677935
2021-08-13 06:34:42,45685.88,45695.99,45658.47,45688.84,3.696887
2021-08-13 06:34:43,45688.84,45689.47,45679.95,45688.82,0.658952
2021-08-13 06:34:44,45686.94,45688.83,45681.73,45688.82,0.591709
2021-08-13 06:34:45,45688.82,45688.83,45679.95,45679.95,0.529913
2021-08-13 06:34:46,45687.57,45700.0,45679.95,45694.15,5.322061
2021-08-13 06:34:47,45694.15,45702.0,45687.45,45687.45,2.749936
2021-08-13 06:34:48,45701.85,45701.85,45686.45,45686.45,0.601192
2021-08-13 06:34:49,45688.76,45699.05,45681.42,45688.77,0.337264
2021-08-13 06:34:50,45688.77,45692.0,45688.76,45688.76,0.3961
2021-08-13 06:34:51,45688.77,45702.52,45688.76,45702.52,1.211091
2021-08-13 06:34:52,45702.97,45704.82,45702.52,45702.52,0.507903
2021-08-13 06:34:53,45702.52,45704.99,45702.52,45704.98,0.227929
2021-08-13 06:34:54,45704.99,45705.0,45704.82,45705.0,0.167288
2021-08-13 06:34:55,45705.0,45710.0,45705.0,45708.01,0.637044
2021-08-13 06:34:56,45710.0,45710.68,45702.52,45703.86,2.283667
2021-08-13 06:34:57,45702.52,45713.0,45702.52,45712.97,0.542666
2021-08-13 06:34:58,45710.66,45715.0,45702.52,45706.64,2.287589
2021-08-13 06:34:59,45706.64,45715.0,45702.52,45702.52,1.825446
2021-08-13 06:35:00,45710.95,45715.0,45702.52,45715.0,2.686765
2021-08-13 06:35:01,45715.0,45717.0,45702.52,45704.41,7.055567
2021-08-13 06:35:02,45714.95,45717.0,45702.52,45717.0,0.601921
2021-08-13 06:35:03,45715.0,45721.0,45715.0,45715.0,4.085102
2021-08-13 06:35:04,45721.0,45727.31,45705.98,45727.31,6.98817
2021-08-13 06:35:05,45727.29,45735.0,45719.08,45732.0,5.454731
2021-08-13 06:35:06,45732.0,45735.0,45719.1,45735.0,1.031089
2021-08-13 06:35:07,45733.32,45735.0,45715.0,45718.54,1.945311
2021-08-13 06:35:08,45720.49,45731.47,45710.96,45720.0,0.624715
2021-08-13 06:35:09,45716.89,45720.0,45707.01,45720.0,0.992611
2021-08-13 06:35:10,45709.48,45720.0,45707.02,45707.02,0.20645
2021-08-13 06:35:11,45704.44,45720.0,45704.42,45708.58,0.302632
2021-08-13 06:35:12,45719.97,45720.0,45704.18,45720.0,0.22431
2021-08-13 06:35:13,45720.0,45736.54,45709.61,45736.51,1.982933
2021-08-13 06:35:14,45734.61,45737.07,45710.01,45719.97,0.132532
2021-08-13 06:35:15,45720.0,45737.4,45710.01,45719.41,0.392352
2021-08-13 06:35:16,45719.41,45737.39,45719.41,45720.88,0.211289
2021-08-13 06:35:17,45720.86,45737.39,45720.86,45720.88,0.363624
2021-08-13 06:35:18,45734.83,45737.4,45720.88,45737.4,2.012302
2021-08-13 06:35:19,45737.4,45737.46,45720.86,45720.87,0.714435
2021-08-13 06:35:20,45720.87,45736.88,45720.87,45720.91,0.136939
2021-08-13 06:35:21,45720.91,45737.47,45720.87,45720.87,0.680865
2021-08-13 06:35:22,45725.79,45737.46,45715.0,45715.0,1.164735
2021-08-13 06:35:23,45716.44,45737.42,45708.59,45720.86,1.440355
2021-08-13 06:35:24,45720.79,45720.79,45708.59,45708.59,0.532079
2021-08-13 06:35:25,45708.59,45720.0,45708.59,45720.0,1.058487
2021-08-13 06:35:26,45717.1,45720.85,45702.52,45711.65,1.356096
2021-08-13 06:35:27,45711.65,45720.85,45702.52,45712.05,1.653697
2021-08-13 06:35:28,45702.65,45735.0,45702.52,45709.64,1.531107
2021-08-13 06:35:29,45702.63,45715.73,45702.52,45715.73,1.752186
2021-08-13 06:35:30,45709.62,45720.47,45702.52,45720.47,1.16085
2021-08-13 06:35:31,45720.47,45720.47,45702.58,45715.27,0.469658
2021-08-13 06:35:32,45720.42,45720.89,45702.52,45720.34,0.643307
2021-08-13 06:35:33,45713.73,45720.89,45710.0,45720.34,0.620467
2021-08-13 06:35:34,45720.33,45721.96,45713.53,45721.96,0.805306
2021-08-13 06:35:35,45713.53,45732.72,45713.53,45723.91,0.466355
2021-08-13 06:35:36,45713.55,45723.89,45702.52,45716.96,0.897015
2021-08-13 06:35:37,45716.96,45735.0,45713.53,45720.86,0.331924
2021-08-13 06:35:38,45720.86,45723.91,45720.86,45720.86,0.194557
2021-08-13 06:35:39,45720.86,45723.89,45720.0,45720.86,2.72831
2021-08-13 06:35:40,45720.0,45720.86,45720.0,45720.86,0.490204
2021-08-13 06:35:41,45720.86,45720.86,45720.0,45720.0,0.337883
2021-08-13 06:35:42,45720.78,45720.79,45703.31,45706.45,1.93349
2021-08-13 06:35:43,45703.0,45720.76,45702.52,45720.35,2.295585
2021-08-13 06:35:44,45720.35,45720.35,45702.52,45707.19,0.330573
2021-08-13 06:35:45,45719.69,45719.71,45702.53,45713.55,0.185456
2021-08-13 06:35:46,45713.55,45713.55,45712.72,45713.32,0.402208
2021-08-13 06:35:47,45707.19,45713.32,45702.52,45702.54,0.395118
2021-08-13 06:35:48,45710.0,45710.0,45702.52,45705.2,0.912652
2021-08-13 06:35:49,45702.52,45707.2,45702.52,45706.05,0.946968
2021-08-13 06:35:50,45702.52,45706.05,45701.64,45702.52,3.375344
2021-08-13 06:35:51,45702.52,45702.52,45688.76,45692.92,1.492343
2021-08-13 06:35:52,45692.92,45692.92,45672.0,45680.0,1.038423
2021-08-13 06:35:53,45680.0,45686.16,45671.48,45679.98,0.681371
2021-08-13 06:35:54,45686.14,45686.14,45665.04,45670.92,0.605478
2021-08-13 06:35:55,45670.92,45679.92,45670.92,45679.91,0.263518
2021-08-13 06:35:56,45679.9,45679.9,45657.4,45665.23,0.759773
2021-08-13 06:35:57,45674.83,45674.86,45651.35,45666.82,2.001701
2021-08-13 06:35:58,45666.82,45679.92,45651.35,45679.91,0.863074
2021-08-13 06:35:59,45679.92,45679.92,45655.59,45670.0,0.497382
2021-08-13 06:36:00,45670.0,45679.92,45655.6,45671.48,1.329943
2021-08-13 06:36:01,45671.45,45679.92,45655.76,45678.74,0.367382
2021-08-13 06:36:02,45679.92,45686.79,45662.28,45686.79,0.395034
2021-08-13 06:36:03,45686.79,45693.0,45679.39,45692.97,0.778616
2021-08-13 06:36:04,45692.99,45693.0,45679.39,45681.39,0.603267
2021-08-13 06:36:05,45691.37,45691.38,45671.0,45691.32,0.670555
2021-08-13 06:36:06,45691.32,45691.32,45683.45,45691.3,0.051739
2021-08-13 06:36:07,45691.31,45691.31,45683.45,45691.31,0.196852
2021-08-13 06:36:08,45686.78,45720.34,45683.45,45691.28,5.874473
2021-08-13 06:36:09,45691.27,45704.61,45683.45,45691.26,0.148087
2021-08-13 06:36:10,45691.22,45691.22,45685.14,45691.2,0.202218
2021-08-13 06:36:11,45691.2,45691.21,45685.15,45691.21,0.233882
2021-08-13 06:36:12,45685.51,45720.86,45685.51,45687.7,1.770483
2021-08-13 06:36:13,45688.3,45699.97,45687.94,45699.97,0.272066
2021-08-13 06:36:14,45699.95,45699.97,45687.69,45696.17,0.076252
2021-08-13 06:36:15,45687.74,45714.75,45683.07,45683.07,1.315079
2021-08-13 06:36:16,45691.33,45696.23,45682.44,45696.23,0.290982
2021-08-13 06:36:17,45682.46,45696.23,45682.46,45683.47,0.176201
2021-08-13 06:36:18,45681.74,45697.83,45672.94,45676.02,0.278605
2021-08-13 06:36:19,45689.46,45689.48,45671.0,45676.14,0.381145
2021-08-13 06:36:20,45676.14,45687.56,45662.77,45662.78,0.398388
2021-08-13 06:36:21,45676.1,45695.97,45662.77,45681.54,1.784058
2021-08-13 06:36:22,45681.54,45681.54,45656.19,45664.29,1.091537
2021-08-13 06:36:23,45659.02,45671.31,45653.01,45654.1,0.260867
2021-08-13 06:36:24,45654.88,45671.2,45652.19,45664.35,0.487134
2021-08-13 06:36:25,45664.35,45677.28,45654.03,45671.71,0.648156
2021-08-13 06:36:26,45671.0,45671.0,45659.04,45661.82,0.179945
2021-08-13 06:36:27,45666.09,45671.71,45661.94,45663.24,0.118412
2021-08-13 06:36:28,45671.69,45671.7,45660.69,45671.7,1.269537
2021-08-13 06:36:29,45671.17,45671.66,45655.4,45660.58,0.272909
2021-08-13 06:36:30,45664.77,45671.01,45660.43,45671.01,0.539067
2021-08-13 06:36:31,45671.0,45679.08,45666.41,45666.68,0.757221
2021-08-13 06:36:32,45666.81,45696.0,45666.81,45679.22,2.992335
2021-08-13 06:36:33,45673.98,45693.76,45669.98,45680.0,0.502397
2021-08-13 06:36:34,45680.0,45688.0,45671.99,45675.99,0.184509
2021-08-13 06:36:35,45675.99,45675.99,45671.01,45671.02,0.117372
2021-08-13 06:36:36,45675.96,45675.98,45671.01,45671.01,0.108504
2021-08-13 06:36:37,45671.01,45671.65,45671.01,45671.23,0.489972
2021-08-13 06:36:38,45671.22,45672.14,45656.19,45666.0,0.296656
2021-08-13 06:36:39,45661.4,45669.82,45653.02,45661.39,0.345532
2021-08-13 06:36:40,45661.39,45668.57,45653.01,45667.88,0.17462
2021-08-13 06:36:41,45667.64,45667.64,45651.36,45661.36,0.294593
2021-08-13 06:36:42,45661.36,45663.66,45651.36,45651.36,0.209217
2021-08-13 06:36:43,45654.45,45654.45,45651.35,45651.35,0.813549
2021-08-13 06:36:44,45651.36,45651.36,45651.35,45651.36,1.127227
2021-08-13 06:36:45,45651.35,45651.36,45649.7,45651.36,0.49354
2021-08-13 06:36:46,45649.7,45657.9,45649.7,45656.5,1.304658
2021-08-13 06:36:47,45657.9,45657.9,45644.01,45644.01,0.412293
2021-08-13 06:36:48,45644.01,45651.35,45633.64,45633.64,0.760083
2021-08-13 06:36:49,45633.64,45651.35,45630.32,45651.35,0.938772
2021-08-13 06:36:50,45651.35,45651.35,45613.2,45633.67,2.915576
2021-08-13 06:36:51,45628.38,45638.79,45621.71,45632.63,0.314
2021-08-13 06:36:52,45635.51,45641.95,45626.09,45641.56,0.338684
2021-08-13 06:36:53,45641.35,45641.35,45627.77,45630.45,1.343594
2021-08-13 06:36:54,45638.48,45640.95,45624.82,45635.4,0.348762
2021-08-13 06:36:55,45635.4,45638.47,45629.67,45634.29,0.296502
2021-08-13 06:36:56,45634.29,45637.52,45625.16,45625.38,0.320192
2021-08-13 06:36:57,45625.38,45636.14,45609.67,45615.5,2.208343
2021-08-13 06:36:58,45628.16,45631.43,45609.67,45621.44,1.234224
2021-08-13 06:36:59,45613.81,45621.44,45612.96,45612.96,0.680998
2021-08-13 06:37:00,45621.42,45633.64,45609.67,45621.41,3.217896
2021-08-13 06:37:01,45621.41,45633.64,45613.86,45627.48,2.004708
2021-08-13 06:37:02,45627.48,45627.48,45619.0,45627.47,0.327857
2021-08-13 06:37:03,45627.47,45627.47,45627.46,45627.47,0.215151
2021-08-13 06:37:04,45627.47,45627.47,45627.46,45627.46,0.327273
2021-08-13 06:37:05,45627.47,45627.47,45619.31,45627.47,0.178456
2021-08-13 06:37:06,45627.47,45627.47,45619.31,45626.93,0.137785
2021-08-13 06:37:07,45626.94,45626.94,45619.31,45626.93,0.412949
2021-08-13 06:37:08,45626.93,45626.93,45619.0,45626.89,0.321968
2021-08-13 06:37:09,45626.89,45626.89,45613.94,45625.78,0.479307
2021-08-13 06:37:10,45625.66,45625.66,45609.67,45623.0,1.419152
2021-08-13 06:37:11,45619.53,45619.53,45610.82,45619.52,0.589782
2021-08-13 06:37:12,45619.51,45619.53,45619.51,45619.53,0.593594
2021-08-13 06:37:13,45619.53,45626.47,45619.51,45626.42,0.820198
2021-08-13 06:37:14,45625.99,45626.46,45619.51,45626.41,0.107553
2021-08-13 06:37:15,45626.39,45626.4,45618.0,45626.38,0.15815
2021-08-13 06:37:16,45618.0,45626.38,45615.0,45626.38,0.318811
2021-08-13 06:37:17,45626.32,45662.2,45615.0,45658.96,6.314902
2021-08-13 06:37:18,45625.49,45649.44,45625.49,45645.3,0.485667
2021-08-13 06:37:19,45644.99,45651.02,45634.22,45648.67,1.168923
2021-08-13 06:37:20,45648.67,45651.02,45648.67,45650.98,0.088471
2021-08-13 06:37:21,45650.98,45650.98,45636.67,45650.34,0.72607
2021-08-13 06:37:22,45636.7,45650.7,45636.0,45649.25,0.200568
2021-08-13 06:37:23,45649.25,45649.25,45649.24,45649.25,0.313298
2021-08-13 06:37:24,45649.25,45657.0,45649.25,45655.98,0.734839
2021-08-13 06:37:25,45651.05,45660.0,45643.82,45660.0,1.48911
2021-08-13 06:37:26,45659.78,45666.37,45653.8,45659.67,0.39461
2021-08-13 06:37:27,45655.81,45691.84,45654.12,45667.59,1.338671
2021-08-13 06:37:28,45667.77,45684.93,45663.36,45664.26,0.521059
2021-08-13 06:37:29,45664.26,45682.98,45643.91,45655.47,3.957958
2021-08-13 06:37:30,45655.92,45667.98,45646.0,45666.65,0.578747
2021-08-13 06:37:31,45660.54,45666.65,45660.54,45666.64,0.161575
2021-08-13 06:37:32,45660.54,45666.62,45660.54,45666.62,0.083243
2021-08-13 06:37:33,45666.62,45675.93,45666.61,45666.61,2.209569
2021-08-13 06:37:34,45675.71,45675.8,45666.61,45675.0,0.400572
2021-08-13 06:37:35,45666.61,45675.79,45666.61,45675.75,0.159608
2021-08-13 06:37:36,45666.64,45688.0,45666.61,45688.0,1.501549
2021-08-13 06:37:37,45670.48,45687.2,45670.48,45678.58,0.833698
2021-08-13 06:37:38,45678.58,45706.16,45674.56,45689.85,1.888651
2021-08-13 06:37:39,45679.13,45689.77,45678.33,45678.35,0.316662
2021-08-13 06:37:40,45675.0,45689.86,45675.0,45688.56,0.669471
2021-08-13 06:37:41,45688.53,45688.56,45678.0,45678.0,0.347227
2021-08-13 06:37:42,45678.0,45688.54,45678.0,45688.27,0.129598
2021-08-13 06:37:43,45688.26,45688.27,45674.48,45687.0,0.473543
2021-08-13 06:37:44,45687.0,45688.26,45680.74,45686.98,0.815582
2021-08-13 06:37:45,45680.75,45686.97,45680.75,45686.95,0.092064
2021-08-13 06:37:46,45686.95,45686.96,45669.02,45669.02,1.197221
2021-08-13 06:37:47,45680.75,45700.0,45679.89,45700.0,1.018074
2021-08-13 06:37:48,45688.64,45700.0,45685.94,45700.0,1.07495
2021-08-13 06:37:49,45700.0,45700.0,45692.28,45698.62,0.565755
2021-08-13 06:37:50,45698.62,45700.0,45681.44,45699.29,3.012119
2021-08-13 06:37:51,45699.28,45706.13,45692.29,45698.59,0.812767
2021-08-13 06:37:52,45692.29,45693.38,45688.0,45691.73,0.212697
2021-08-13 06:37:53,45691.73,45693.37,45684.01,45693.35,0.248172
2021-08-13 06:37:54,45685.6,45693.32,45684.71,45693.31,0.083885
2021-08-13 06:37:55,45684.71,45693.31,45679.0,45687.03,0.221674
2021-08-13 06:37:56,45679.0,45686.97,45677.08,45678.53,0.125257
2021-08-13 06:37:57,45677.08,45678.53,45670.95,45670.95,0.089819
2021-08-13 06:37:58,45678.51,45691.0,45659.34,45690.53,1.897098
2021-08-13 06:37:59,45677.75,45700.0,45677.73,45688.13,0.912242
2021-08-13 06:38:00,45699.32,45700.0,45688.4,45688.98,0.050321
2021-08-13 06:38:01,45699.26,45699.26,45694.68,45694.69,0.030358
2021-08-13 06:38:02,45694.69,45698.75,45694.68,45696.55,0.212857
2021-08-13 06:38:03,45694.69,45696.54,45687.81,45687.81,0.671873
2021-08-13 06:38:04,45687.81,45696.51,45687.81,45696.51,0.1068
2021-08-13 06:38:05,45696.51,45696.51,45688.98,45694.68,0.398982
2021-08-13 06:38:06,45693.46,45699.0,45693.46,45699.0,1.17398
2021-08-13 06:38:07,45698.78,45709.0,45698.78,45699.0,1.160641
2021-08-13 06:38:08,45707.18,45708.99,45696.51,45698.99,0.830104
2021-08-13 06:38:09,45698.99,45700.0,45691.74,45691.74,0.314535
2021-08-13 06:38:10,45696.56,45696.56,45688.98,45688.98,0.153956
2021-08-13 06:38:11,45696.55,45696.55,45688.98,45696.52,0.181391
2021-08-13 06:38:12,45696.52,45696.52,45688.98,45688.98,0.10584
2021-08-13 06:38:13,45696.49,45696.49,45688.98,45696.47,0.140685
2021-08-13 06:38:14,45688.99,45694.38,45688.98,45689.44,0.400045
2021-08-13 06:38:15,45689.28,45690.23,45688.98,45688.99,1.318966
2021-08-13 06:38:16,45688.99,45688.99,45677.0,45681.31,0.52742
2021-08-13 06:38:17,45681.31,45683.78,45663.58,45675.26,1.293961
2021-08-13 06:38:18,45675.26,45675.26,45673.75,45673.76,0.625208
2021-08-13 06:38:19,45673.76,45673.76,45673.75,45673.76,0.399716
2021-08-13 06:38:20,45673.76,45688.0,45673.76,45684.28,2.32669
2021-08-13 06:38:21,45684.28,45684.28,45684.23,45684.23,0.285098
2021-08-13 06:38:22,45684.21,45684.21,45684.2,45684.21,0.224124
2021-08-13 06:38:23,45684.21,45684.23,45684.21,45684.23,1.196348
2021-08-13 06:38:24,45684.22,45684.23,45684.22,45684.23,0.730611
2021-08-13 06:38:25,45684.23,45684.23,45684.22,45684.22,0.785795
2021-08-13 06:38:26,45684.23,45691.0,45684.22,45691.0,1.610579
2021-08-13 06:38:27,45691.0,45694.38,45684.26,45691.27,0.352469
2021-08-13 06:38:28,45689.08,45691.27,45689.08,45690.81,0.111721
2021-08-13 06:38:29,45690.76,45690.81,45684.43,45684.43,0.207143
2021-08-13 06:38:30,45684.23,45685.31,45682.88,45683.58,0.903606
2021-08-13 06:38:31,45683.58,45685.36,45683.41,45685.36,0.532575
2021-08-13 06:38:32,45685.35,45694.38,45685.35,45694.38,1.16738
2021-08-13 06:38:33,45692.83,45692.83,45686.95,45687.48,0.156049
2021-08-13 06:38:34,45687.48,45689.59,45687.06,45689.58,0.493831
2021-08-13 06:38:35,45689.57,45689.58,45688.97,45689.51,0.332773
2021-08-13 06:38:36,45689.51,45689.51,45689.49,45689.49,0.354854
2021-08-13 06:38:37,45689.49,45689.49,45685.35,45686.03,0.368126
2021-08-13 06:38:38,45689.2,45689.2,45687.98,45688.87,0.136836
2021-08-13 06:38:39,45688.18,45688.47,45688.12,45688.47,0.643791
2021-08-13 06:38:40,45688.47,45696.56,45688.46,45696.56,1.192162
2021-08-13 06:38:41,45696.56,45696.56,45690.34,45696.56,0.737088
2021-08-13 06:38:42,45696.56,45696.56,45695.0,45696.56,0.252139
2021-08-13 06:38:43,45696.56,45696.79,45696.56,45696.79,0.659635
2021-08-13 06:38:44,45696.75,45696.99,45695.01,45696.97,0.240017
2021-08-13 06:38:45,45696.96,45696.97,45696.56,45696.95,0.137235
2021-08-13 06:38:46,45696.95,45696.95,45696.04,45696.56,0.313452
2021-08-13 06:38:47,45696.56,45696.56,45696.55,45696.56,0.116245
2021-08-13 06:38:48,45696.56,45700.0,45696.55,45700.0,1.00736
2021-08-13 06:38:49,45700.0,45700.0,45685.0,45700.0,4.752656
2021-08-13 06:38:50,45700.0,45700.0,45696.32,45696.32,1.165248
2021-08-13 06:38:51,45696.31,45699.17,45696.31,45698.85,0.052709
2021-08-13 06:38:52,45698.86,45700.0,45698.85,45700.0,3.584706
2021-08-13 06:38:53,45700.0,45700.0,45699.99,45700.0,0.976027
2021-08-13 06:38:54,45699.99,45700.0,45699.99,45700.0,0.121792
2021-08-13 06:38:55,45700.0,45700.0,45699.99,45700.0,0.84324
2021-08-13 06:38:56,45700.0,45710.0,45700.0,45706.72,0.776015
2021-08-13 06:38:57,45704.85,45704.85,45704.52,45704.7,0.06291
2021-08-13 06:38:58,45704.68,45704.68,45701.28,45701.77,0.13708
2021-08-13 06:38:59,45701.76,45701.76,45698.84,45698.85,0.865185
2021-08-13 06:39:00,45706.58,45710.0,45706.58,45710.0,0.173736
2021-08-13 06:39:01,45710.0,45710.0,45700.0,45700.0,0.270968
2021-08-13 06:39:02,45704.17,45710.0,45684.71,45710.0,3.49976
2021-08-13 06:39:03,45710.0,45710.0,45704.07,45705.24,0.717153
2021-08-13 06:39:04,45705.24,45709.99,45700.0,45709.96,0.503187
2021-08-13 06:39:05,45709.96,45710.0,45709.19,45709.99,0.529965
2021-08-13 06:39:06,45709.99,45710.0,45709.95,45710.0,0.6025
2021-08-13 06:39:07,45709.99,45710.0,45704.7,45710.0,1.599703
2021-08-13 06:39:08,45710.0,45710.0,45709.99,45710.0,0.605521
2021-08-13 06:39:09,45710.0,45710.0,45709.69,45710.0,0.302457
2021-08-13 06:39:10,45710.0,45710.0,45704.07,45704.07,0.880503
2021-08-13 06:39:11,45709.97,45709.97,45701.03,45705.69,0.421094
2021-08-13 06:39:12,45703.28,45706.84,45699.82,45706.53,0.765637
2021-08-13 06:39:13,45704.52,45710.0,45700.06,45705.26,2.325493
2021-08-13 06:39:14,45709.69,45710.0,45707.52,45709.53,0.238919
2021-08-13 06:39:15,45709.53,45709.85,45702.93,45708.39,0.229387
2021-08-13 06:39:16,45708.39,45710.0,45706.89,45710.0,0.113242
2021-08-13 06:39:17,45710.0,45710.0,45705.86,45706.06,0.195062
2021-08-13 06:39:18,45708.36,45710.0,45705.26,45710.0,1.379007
2021-08-13 06:39:19,45707.37,45710.0,45707.37,45707.37,0.173514
2021-08-13 06:39:20,45710.0,45710.0,45708.63,45710.0,0.145807
2021-08-13 06:39:21,45710.0,45710.0,45708.34,45709.87,0.268023
2021-08-13 06:39:22,45709.53,45709.99,45709.53,45709.92,0.286606
2021-08-13 06:39:23,45709.97,45710.0,45709.92,45710.0,0.588995
2021-08-13 06:39:24,45710.0,45710.0,45709.99,45709.99,0.300003
2021-08-13 06:39:25,45709.99,45710.0,45709.98,45709.99,0.37963
2021-08-13 06:39:26,45710.0,45710.0,45709.99,45710.0,0.783737
2021-08-13 06:39:27,45709.99,45710.0,45709.98,45710.0,0.374263
2021-08-13 06:39:28,45710.0,45710.0,45709.97,45709.98,0.273289
2021-08-13 06:39:29,45709.97,45720.86,45708.34,45712.0,2.464267
2021-08-13 06:39:30,45710.04,45720.0,45705.26,45709.98,1.834594
2021-08-13 06:39:31,45709.5,45709.98,45705.8,45709.97,0.264652
2021-08-13 06:39:32,45709.96,45721.04,45705.26,45707.77,1.971121
2021-08-13 06:39:33,45719.59,45723.76,45710.36,45718.21,0.927079
2021-08-13 06:39:34,45718.21,45740.0,45714.05,45727.17,1.286142
2021-08-13 06:39:35,45727.17,45727.74,45712.01,45716.51,0.22706
2021-08-13 06:39:36,45716.51,45741.21,45705.26,45716.15,2.450753
2021-08-13 06:39:37,45721.59,45723.0,45714.37,45716.07,0.042619
2021-08-13 06:39:38,45716.07,45720.59,45708.84,45709.99,0.189647
2021-08-13 06:39:39,45709.99,45710.0,45705.26,45705.26,1.333641
2021-08-13 06:39:40,45708.71,45708.71,45705.26,45705.49,0.174112
2021-08-13 06:39:41,45705.4,45722.28,45705.4,45712.44,1.594159
2021-08-13 06:39:42,45712.44,45712.45,45706.39,45712.45,0.217084
2021-08-13 06:39:43,45709.97,45712.43,45707.05,45709.31,0.145079
2021-08-13 06:39:44,45709.31,45709.97,45707.05,45709.96,0.155201
2021-08-13 06:39:45,45709.96,45709.97,45709.7,45709.97,0.351747
2021-08-13 06:39:46,45709.96,45713.42,45709.95,45712.38,0.345677
2021-08-13 06:39:47,45713.42,45719.0,45712.94,45719.0,0.265821
2021-08-13 06:39:48,45719.0,45719.29,45712.44,45712.44,0.049291
2021-08-13 06:39:49,45712.44,45716.0,45712.35,45715.99,0.045034
2021-08-13 06:39:50,45715.99,45715.99,45712.35,45715.99,0.137823
2021-08-13 06:39:51,45715.99,45718.18,45713.99,45718.03,0.211529
2021-08-13 06:39:52,45718.03,45721.88,45713.99,45721.87,0.121852
2021-08-13 06:39:53,45720.43,45733.18,45715.38,45718.01,1.097601
2021-08-13 06:39:54,45727.12,45730.3,45717.55,45725.25,1.1781
2021-08-13 06:39:55,45717.64,45752.81,45717.55,45751.0,7.851122
2021-08-13 06:39:56,45750.0,45750.0,45719.48,45726.11,0.945506
2021-08-13 06:39:57,45725.18,45728.98,45717.55,45717.96,0.087428
2021-08-13 06:39:58,45720.85,45737.33,45718.55,45719.92,0.710421
2021-08-13 06:39:59,45719.92,45734.7,45719.92,45720.71,0.271672
2021-08-13 06:40:00,45725.39,45734.01,45719.92,45726.58,0.094471
2021-08-13 06:40:01,45726.74,45731.05,45719.95,45731.05,0.35918
2021-08-13 06:40:02,45729.71,45730.83,45717.55,45725.39,1.125691
2021-08-13 06:40:03,45718.0,45734.5,45717.55,45725.35,0.54866
2021-08-13 06:40:04,45722.3,45733.64,45722.3,45727.97,0.35549
2021-08-13 06:40:05,45733.13,45738.32,45725.93,45729.36,0.214279
2021-08-13 06:40:06,45729.36,45760.0,45729.36,45730.62,3.114606
2021-08-13 06:40:07,45737.97,45741.65,45737.97,45737.97,0.407529
2021-08-13 06:40:08,45738.87,45739.24,45731.0,45734.63,0.322053
2021-08-13 06:40:09,45734.63,45740.6,45729.49,45729.49,0.615044
2021-08-13 06:40:10,45738.34,45738.34,45729.49,45732.49,0.042663
2021-08-13 06:40:11,45736.57,45738.35,45730.0,45730.0,0.253152
2021-08-13 06:40:12,45736.56,45736.57,45729.87,45729.87,0.078251
2021-08-13 06:40:13,45736.56,45736.57,45729.89,45734.9,0.736164
2021-08-13 06:40:14,45734.9,45748.88,45734.9,45744.0,0.404267
2021-08-13 06:40:15,45744.0,45749.0,45736.52,45746.24,0.462074
2021-08-13 06:40:16,45746.05,45760.0,45740.0,45747.99,1.951897
2021-08-13 06:40:17,45747.99,45753.23,45744.63,45744.63,0.099709
2021-08-13 06:40:18,45747.98,45800.0,45740.92,45762.93,11.097384
2021-08-13 06:40:19,45762.92,45776.42,45762.82,45762.82,1.371476
2021-08-13 06:40:20,45763.17,45780.0,45760.5,45763.42,0.684648
2021-08-13 06:40:21,45763.42,45784.07,45763.42,45779.39,0.142711
2021-08-13 06:40:22,45775.36,45800.0,45769.97,45784.64,4.768245
2021-08-13 06:40:23,45772.66,45777.56,45769.64,45770.74,0.233131
2021-08-13 06:40:24,45775.46,45777.55,45772.03,45773.5,0.029147
2021-08-13 06:40:25,45774.27,45775.01,45753.58,45753.58,1.891388
2021-08-13 06:40:26,45753.6,45772.47,45748.12,45772.47,0.813494
2021-08-13 06:40:27,45751.04,45774.28,45748.06,45754.23,0.855099
2021-08-13 06:40:28,45764.3,45774.78,45751.26,45756.82,0.515711
2021-08-13 06:40:29,45763.6,45765.75,45748.74,45765.75,1.15733
2021-08-13 06:40:30,45756.82,45780.51,45748.54,45771.55,1.634248
2021-08-13 06:40:31,45771.55,45784.46,45757.94,45768.5,1.565816
2021-08-13 06:40:32,45770.2,45791.88,45770.2,45780.07,1.852141
2021-08-13 06:40:33,45779.93,45791.0,45777.0,45778.07,0.601365
2021-08-13 06:40:34,45778.82,45783.66,45775.0,45778.44,0.252909
2021-08-13 06:40:35,45778.7,45789.0,45778.7,45783.99,0.150626
2021-08-13 06:40:36,45780.93,45788.39,45780.93,45782.13,0.288447
2021-08-13 06:40:37,45778.75,45781.92,45778.75,45781.92,0.04222
2021-08-13 06:40:38,45779.18,45780.81,45761.04,45761.04,1.608991
2021-08-13 06:40:39,45753.31,45768.01,45747.99,45763.87,0.750479
2021-08-13 06:40:40,45763.27,45769.47,45748.76,45752.89,0.456499
2021-08-13 06:40:41,45753.32,45769.47,45744.38,45744.38,1.108324
2021-08-13 06:40:42,45744.38,45747.02,45733.18,45733.19,1.597579
2021-08-13 06:40:43,45733.51,45740.62,45722.3,45725.39,0.761099
2021-08-13 06:40:44,45723.1,45740.8,45723.1,45727.33,0.693229
2021-08-13 06:40:45,45728.58,45731.22,45717.55,45717.55,6.318613
2021-08-13 06:40:46,45718.88,45780.93,45718.05,45733.62,8.550298
2021-08-13 06:40:47,45731.45,45800.0,45717.55,45750.0,10.78079
2021-08-13 06:40:48,45753.18,45753.18,45728.21,45745.98,1.037127
2021-08-13 06:40:49,45745.82,45745.82,45722.84,45730.56,0.664824
2021-08-13 06:40:50,45733.8,45740.0,45723.1,45732.65,0.211934
2021-08-13 06:40:51,45732.65,45744.36,45732.65,45740.71,0.247387
2021-08-13 06:40:52,45740.76,45757.44,45740.71,45751.13,1.225957
2021-08-13 06:40:53,45751.13,45795.09,45751.13,45769.81,0.60126
2021-08-13 06:40:54,45770.28,45781.64,45756.89,45779.72,2.061374
2021-08-13 06:40:55,45767.26,45783.0,45767.24,45777.77,0.340026
2021-08-13 06:40:56,45770.03,45780.13,45766.48,45766.48,0.303565
2021-08-13 06:40:57,45772.51,45781.58,45764.1,45766.29,2.083131
2021-08-13 06:40:58,45766.45,45767.51,45753.33,45755.86,0.697237
2021-08-13 06:40:59,45757.62,45759.98,45742.26,45754.17,0.923404
2021-08-13 06:41:00,45745.53,45757.78,45745.53,45757.78,0.134224
2021-08-13 06:41:01,45755.02,45759.97,45755.02,45759.97,0.070699
2021-08-13 06:41:02,45764.03,45767.49,45756.66,45767.49,0.427399
2021-08-13 06:41:03,45767.5,45779.99,45767.5,45767.5,3.327127
2021-08-13 06:41:04,45778.8,45779.99,45769.27,45776.89,0.26311
2021-08-13 06:41:05,45771.69,45773.78,45761.7,45773.62,4.949677
2021-08-13 06:41:06,45773.65,45773.65,45773.62,45773.63,0.143731
2021-08-13 06:41:07,45773.62,45773.62,45761.69,45764.03,0.155438
2021-08-13 06:41:08,45764.04,45785.0,45762.22,45765.59,1.165201
2021-08-13 06:41:09,45764.53,45771.38,45761.21,45761.21,0.443588
2021-08-13 06:41:10,45769.06,45771.34,45747.93,45768.0,1.353254
2021-08-13 06:41:11,45767.73,45769.67,45764.53,45769.38,0.13639
2021-08-13 06:41:12,45767.5,45769.38,45764.53,45769.38,0.129719
2021-08-13 06:41:13,45765.16,45768.42,45748.42,45768.42,2.361182
2021-08-13 06:41:14,45765.59,45768.32,45758.0,45766.14,0.318438
2021-08-13 06:41:15,45766.14,45766.15,45756.72,45766.15,1.075147
2021-08-13 06:41:16,45763.68,45770.86,45763.68,45764.53,0.437692
2021-08-13 06:41:17,45764.53,45774.0,45759.31,45759.31,0.249583
2021-08-13 06:41:18,45765.74,45765.74,45755.0,45757.89,0.21907
2021-08-13 06:41:19,45757.89,45771.92,45756.78,45760.16,0.701835
2021-08-13 06:41:20,45760.16,45767.0,45760.16,45761.33,0.566574
2021-08-13 06:41:21,45761.33,45770.0,45761.33,45769.13,0.49982
2021-08-13 06:41:22,45769.12,45772.0,45766.15,45772.0,0.183074
2021-08-13 06:41:23,45768.48,45799.0,45767.67,45799.0,5.300927
2021-08-13 06:41:24,45799.0,45821.93,45787.07,45809.15,19.639131
2021-08-13 06:41:25,45804.66,45809.15,45787.62,45790.97,0.224215
2021-08-13 06:41:26,45796.25,45796.25,45773.81,45784.9,0.411262
2021-08-13 06:41:27,45793.85,45793.87,45773.63,45785.55,0.20851
2021-08-13 06:41:28,45785.54,45787.69,45779.83,45783.03,0.544132
2021-08-13 06:41:29,45786.13,45796.05,45783.32,45795.49,0.297268
2021-08-13 06:41:30,45795.49,45800.0,45788.44,45796.14,4.813057
2021-08-13 06:41:31,45796.67,45808.74,45790.97,45808.63,0.514935
2021-08-13 06:41:32,45804.46,45808.63,45794.95,45795.33,0.264229
2021-08-13 06:41:33,45801.26,45809.14,45799.17,45805.64,0.130711
2021-08-13 06:41:34,45805.64,45808.6,45785.48,45791.68,0.983076
2021-08-13 06:41:35,45791.47,45821.74,45788.08,45812.8,1.234122
2021-08-13 06:41:36,45813.11,45822.0,45812.79,45818.87,0.714615
2021-08-13 06:41:37,45818.87,45821.98,45800.0,45800.0,4.039881
2021-08-13 06:41:38,45800.0,45823.54,45798.03,45805.23,0.91602
2021-08-13 06:41:39,45808.44,45822.06,45798.22,45813.11,0.418124
2021-08-13 06:41:40,45811.86,45820.52,45811.86,45816.79,0.085093
2021-08-13 06:41:41,45816.79,45824.76,45807.67,45822.1,1.297389
2021-08-13 06:41:42,45816.95,45822.08,45798.22,45800.12,3.019946
2021-08-13 06:41:43,45804.74,45804.74,45798.22,45799.33,0.344399
2021-08-13 06:41:44,45803.9,45803.9,45794.77,45802.34,0.395106
2021-08-13 06:41:45,45800.23,45811.72,45792.9,45793.37,0.96267
2021-08-13 06:41:46,45792.9,45810.7,45792.9,45794.0,0.347284
2021-08-13 06:41:47,45794.0,45800.47,45793.2,45793.2,0.327554
2021-08-13 06:41:48,45793.2,45807.58,45793.18,45804.62,0.255836
2021-08-13 06:41:49,45805.25,45805.25,45800.0,45800.01,1.17426
2021-08-13 06:41:50,45802.44,45802.5,45800.24,45800.26,0.06877
2021-08-13 06:41:51,45801.37,45801.37,45785.55,45785.55,11.37873
2021-08-13 06:41:52,45785.55,45785.55,45780.0,45780.0,1.245211
2021-08-13 06:41:53,45784.38,45784.38,45768.41,45768.41,1.059836
2021-08-13 06:41:54,45768.4,45768.41,45760.81,45760.81,2.214069
2021-08-13 06:41:55,45760.81,45765.75,45740.71,45763.47,1.674688
2021-08-13 06:41:56,45763.47,45765.75,45754.85,45765.75,1.152156
2021-08-13 06:41:57,45765.75,45785.54,45765.74,45785.54,0.772779
2021-08-13 06:41:58,45785.54,45800.0,45781.38,45800.0,4.158193
2021-08-13 06:41:59,45800.0,45800.0,45795.43,45799.35,0.194381
2021-08-13 06:42:00,45798.36,45800.0,45797.76,45798.47,0.656842
2021-08-13 06:42:01,45798.47,45800.0,45798.46,45800.0,0.428073
2021-08-13 06:42:02,45799.77,45800.0,45799.76,45799.86,0.207427
2021-08-13 06:42:03,45799.77,45799.77,45793.12,45795.72,0.179359
2021-08-13 06:42:04,45795.72,45800.0,45787.0,45796.97,2.117691
2021-08-13 06:42:05,45796.97,45816.29,45796.97,45804.13,3.113908
2021-08-13 06:42:06,45804.15,45808.96,45799.74,45799.74,2.026463
2021-08-13 06:42:07,45799.96,45820.33,45799.74,45814.77,0.981361
2021-08-13 06:42:08,45817.63,45817.63,45799.74,45805.85,4.179352
2021-08-13 06:42:09,45805.84,45805.85,45799.74,45804.58,0.536533
2021-08-13 06:42:10,45804.57,45804.58,45799.74,45799.75,5.042295
2021-08-13 06:42:11,45799.74,45799.74,45779.56,45793.62,2.706056
2021-08-13 06:42:12,45793.62,45805.62,45783.0,45787.05,0.8937
2021-08-13 06:42:13,45784.13,45793.44,45779.56,45791.99,0.62566
2021-08-13 06:42:14,45793.35,45800.0,45786.28,45790.91,1.039433
2021-08-13 06:42:15,45790.47,45798.96,45786.28,45794.91,0.966628
2021-08-13 06:42:16,45789.62,45798.31,45786.28,45798.31,0.47255
2021-08-13 06:42:17,45786.31,45796.89,45781.93,45783.77,0.553542
2021-08-13 06:42:18,45783.77,45798.96,45783.77,45798.95,0.423487
2021-08-13 06:42:19,45798.96,45798.96,45779.78,45798.22,1.693769
2021-08-13 06:42:20,45798.68,45798.96,45788.19,45798.96,0.610485
2021-08-13 06:42:21,45798.96,45804.62,45792.9,45804.62,1.19505
2021-08-13 06:42:22,45805.83,45810.0,45800.21,45800.22,1.270313
2021-08-13 06:42:23,45810.0,45820.56,45808.18,45808.19,0.936877
2021-08-13 06:42:24,45808.18,45816.24,45808.18,45816.24,0.156795
2021-08-13 06:42:25,45816.24,45833.33,45813.45,45821.74,4.458587
2021-08-13 06:42:26,45821.76,45832.08,45820.75,45820.76,1.595177
2021-08-13 06:42:27,45827.85,45831.96,45800.0,45809.31,15.736463
2021-08-13 06:42:28,45809.31,45829.18,45806.64,45806.98,2.401492
2021-08-13 06:42:29,45806.99,45816.99,45801.53,45816.99,3.609405
2021-08-13 06:42:30,45817.0,45862.03,45817.0,45828.81,10.263002
2021-08-13 06:42:31,45826.16,45837.68,45826.15,45833.08,0.366514
2021-08-13 06:42:32,45827.67,45840.72,45824.4,45829.2,0.449025
2021-08-13 06:42:33,45828.47,45828.47,45822.25,45822.25,0.49135
2021-08-13 06:42:34,45822.3,45835.37,45822.3,45835.37,0.19395
2021-08-13 06:42:35,45835.37,45835.38,45826.98,45831.49,0.678587
2021-08-13 06:42:36,45831.5,45835.38,45830.53,45831.43,1.101685
2021-08-13 06:42:37,45831.43,45831.43,45822.25,45822.25,0.639152
2021-08-13 06:42:38,45822.25,45826.02,45816.0,45816.0,0.527964
2021-08-13 06:42:39,45816.01,45820.92,45816.0,45817.88,0.494397
2021-08-13 06:42:40,45817.91,45824.99,45813.47,45824.99,0.082266
2021-08-13 06:42:41,45824.99,45827.29,45814.01,45827.29,0.503922
2021-08-13 06:42:42,45827.29,45828.07,45827.28,45828.06,0.160579
2021-08-13 06:42:43,45828.06,45828.07,45823.63,45823.63,0.885078
2021-08-13 06:42:44,45823.63,45830.0,45823.63,45829.99,0.487157
2021-08-13 06:42:45,45830.0,45837.7,45829.99,45837.69,4.667638
2021-08-13 06:42:46,45837.69,45850.0,45829.35,45838.18,1.259183
2021-08-13 06:42:47,45837.54,45849.9,45828.78,45828.78,4.198166
2021-08-13 06:42:48,45833.76,45833.77,45828.84,45831.46,0.056426
2021-08-13 06:42:49,45831.45,45833.77,45831.45,45833.77,0.167094
2021-08-13 06:42:50,45833.77,45853.11,45828.08,45831.43,3.115337
2021-08-13 06:42:51,45831.43,45831.43,45813.46,45817.69,3.387086
2021-08-13 06:42:52,45817.7,45829.78,45817.69,45829.78,0.398855
2021-08-13 06:42:53,45822.18,45822.19,45820.0,45822.19,0.587425
2021-08-13 06:42:54,45826.37,45826.37,45815.0,45821.7,0.655377
2021-08-13 06:42:55,45821.71,45831.43,45821.7,45831.43,0.6332
2021-08-13 06:42:56,45824.22,45829.83,45820.0,45820.0,0.150093
2021-08-13 06:42:57,45820.0,45822.12,45820.0,45822.12,0.659091
2021-08-13 06:42:58,45827.77,45831.43,45822.04,45822.04,1.03387
2021-08-13 06:42:59,45822.04,45829.14,45822.04,45822.04,0.242611
2021-08-13 06:43:00,45822.04,45823.61,45800.0,45800.0,7.050027
2021-08-13 06:43:01,45800.0,45822.03,45800.0,45822.03,0.434694
2021-08-13 06:43:02,45822.0,45822.0,45804.06,45810.9,1.333373
2021-08-13 06:43:03,45810.9,45811.05,45802.0,45808.63,0.575064
2021-08-13 06:43:04,45808.63,45821.16,45805.17,45821.16,1.057855
2021-08-13 06:43:05,45810.98,45810.99,45806.38,45810.99,0.121378
2021-08-13 06:43:06,45812.46,45814.01,45812.46,45814.01,0.230499
2021-08-13 06:43:07,45822.0,45829.27,45820.38,45822.0,0.358001
2021-08-13 06:43:08,45821.99,45835.38,45821.99,45835.38,1.667839
2021-08-13 06:43:09,45835.37,45842.97,45821.66,45829.79,1.47699
2021-08-13 06:43:10,45837.03,45847.95,45832.36,45838.2,0.446467
2021-08-13 06:43:11,45839.76,45854.98,45832.36,45846.53,1.650021
2021-08-13 06:43:12,45839.75,45851.87,45839.34,45844.41,0.512353
2021-08-13 06:43:13,45850.51,45864.35,45850.5,45853.0,0.747435
2021-08-13 06:43:14,45861.55,45870.0,45854.15,45870.0,1.958091
2021-08-13 06:43:15,45867.88,45874.0,45857.89,45857.89,2.128456
2021-08-13 06:43:16,45861.6,45870.35,45855.77,45858.64,0.293458
2021-08-13 06:43:17,45858.64,45864.28,45852.98,45858.48,1.576122
2021-08-13 06:43:18,45858.48,45863.26,45852.98,45854.66,0.122386
2021-08-13 06:43:19,45858.49,45872.43,45853.23,45870.41,1.218404
2021-08-13 06:43:20,45856.24,45856.87,45835.38,45838.01,4.64823
2021-08-13 06:43:21,45837.85,45854.16,45836.01,45842.4,0.395754
2021-08-13 06:43:22,45842.4,45847.64,45837.09,45837.1,0.234665
2021-08-13 06:43:23,45837.1,45854.16,45837.09,45854.15,0.326419
2021-08-13 06:43:24,45853.81,45854.14,45853.81,45853.81,0.59885
2021-08-13 06:43:25,45853.82,45853.82,45846.52,45850.0,0.530092
2021-08-13 06:43:26,45850.0,45860.0,45849.99,45856.45,1.62988
2021-08-13 06:43:27,45856.46,45870.21,45856.45,45870.2,0.989122
2021-08-13 06:43:28,45865.83,45865.83,45856.45,45856.46,0.199914
2021-08-13 06:43:29,45856.46,45874.0,45849.9,45868.23,1.129183
2021-08-13 06:43:30,45862.51,45867.21,45853.81,45853.82,0.970328
2021-08-13 06:43:31,45853.82,45878.27,45853.81,45878.27,3.063051
2021-08-13 06:43:32,45878.26,45880.0,45863.24,45863.32,1.461567
2021-08-13 06:43:33,45863.33,45881.11,45863.33,45873.31,1.777421
2021-08-13 06:43:34,45873.31,45888.0,45873.3,45877.91,4.028562
2021-08-13 06:43:35,45882.47,45890.0,45882.47,45889.99,3.198396
2021-08-13 06:43:36,45889.99,45890.0,45875.19,45875.2,0.60974
2021-08-13 06:43:37,45875.19,45890.0,45873.3,45873.3,1.913545
2021-08-13 06:43:38,45873.31,45889.99,45873.3,45881.14,1.912037
2021-08-13 06:43:39,45877.23,45889.13,45877.23,45877.26,0.149476
2021-08-13 06:43:40,45885.5,45889.99,45878.06,45886.78,0.970036
2021-08-13 06:43:41,45886.78,45890.0,45879.84,45888.96,1.125406
2021-08-13 06:43:42,45885.78,45890.0,45880.82,45890.0,4.037361
2021-08-13 06:43:43,45890.0,45900.0,45885.41,45895.54,11.584844
2021-08-13 06:43:44,45895.54,45900.0,45879.39,45884.74,5.515573
2021-08-13 06:43:45,45894.33,45900.0,45886.77,45893.76,2.01002
2021-08-13 06:43:46,45893.75,45900.99,45891.41,45900.99,1.110847
2021-08-13 06:43:47,45892.4,45898.21,45892.4,45896.92,0.452073
2021-08-13 06:43:48,45899.98,45900.0,45890.53,45894.39,0.39339
2021-08-13 06:43:49,45894.4,45900.0,45890.0,45893.69,2.251976
2021-08-13 06:43:50,45893.69,45900.0,45893.69,45899.99,1.209021
2021-08-13 06:43:51,45899.99,45900.0,45899.99,45899.99,0.278032
2021-08-13 06:43:52,45899.99,45900.0,45897.55,45897.55,0.273633
2021-08-13 06:43:53,45897.56,45897.56,45890.47,45893.7,0.138567
2021-08-13 06:43:54,45893.7,45899.24,45892.88,45897.54,0.87593
2021-08-13 06:43:55,45897.54,45897.54,45890.0,45897.54,1.765169
2021-08-13 06:43:56,45897.54,45900.01,45897.54,45900.01,2.708093
2021-08-13 06:43:57,45900.01,45920.08,45893.69,45911.95,2.774657
2021-08-13 06:43:58,45911.95,45911.95,45893.69,45893.7,1.04094
2021-08-13 06:43:59,45893.69,45898.87,45893.69,45894.94,0.403272
2021-08-13 06:44:00,45894.94,45914.95,45893.69,45903.41,5.822643
2021-08-13 06:44:01,45905.57,45915.46,45900.0,45907.5,0.588307
2021-08-13 06:44:02,45907.5,45907.5,45901.87,45902.08,0.04836
2021-08-13 06:44:03,45902.08,45906.59,45900.0,45900.01,6.981228
2021-08-13 06:44:04,45900.0,45900.01,45900.0,45900.01,0.163988
2021-08-13 06:44:05,45900.01,45913.38,45900.01,45907.46,0.475548
2021-08-13 06:44:06,45907.47,45921.39,45900.0,45908.99,4.145582
2021-08-13 06:44:07,45909.0,45909.0,45893.69,45894.11,1.515336
2021-08-13 06:44:08,45897.66,45907.47,45892.24,45907.47,1.084005
2021-08-13 06:44:09,45907.46,45907.5,45900.0,45900.01,2.050782
2021-08-13 06:44:10,45900.0,45905.7,45894.06,45905.7,0.669439
2021-08-13 06:44:11,45905.7,45905.7,45897.28,45900.0,0.246047
2021-08-13 06:44:12,45900.01,45907.5,45892.0,45896.43,0.560104
2021-08-13 06:44:13,45896.42,45906.24,45890.0,45892.0,2.326878
2021-08-13 06:44:14,45892.0,45900.03,45890.0,45894.86,0.666326
2021-08-13 06:44:15,45894.87,45902.82,45890.0,45890.01,1.011838
2021-08-13 06:44:16,45890.0,45890.0,45876.63,45876.63,2.835263
2021-08-13 06:44:17,45876.64,45876.64,45874.01,45876.62,0.353
2021-08-13 06:44:18,45876.63,45876.64,45874.01,45874.01,0.598291
2021-08-13 06:44:19,45874.02,45878.61,45867.0,45873.3,0.627523
2021-08-13 06:44:20,45873.45,45894.86,45873.45,45892.72,0.242356
2021-08-13 06:44:21,45892.72,45905.69,45883.1,45903.07,0.542334
2021-08-13 06:44:22,45899.18,45903.09,45867.6,45891.34,5.623077
2021-08-13 06:44:23,45891.34,45899.61,45879.87,45888.8,0.166219
2021-08-13 06:44:24,45888.81,45888.81,45888.8,45888.8,0.321451
2021-08-13 06:44:25,45888.81,45888.81,45886.53,45888.8,0.296558
2021-08-13 06:44:26,45888.81,45888.99,45886.26,45888.3,0.60867
2021-08-13 06:44:27,45888.3,45907.5,45886.26,45907.5,0.495829
2021-08-13 06:44:28,45907.49,45907.5,45890.33,45896.03,0.426008
2021-08-13 06:44:29,45896.03,45903.19,45891.46,45897.16,0.663365
2021-08-13 06:44:30,45897.16,45900.0,45894.51,45898.88,0.567664
2021-08-13 06:44:31,45898.88,45898.88,45886.26,45886.26,1.005927
2021-08-13 06:44:32,45886.27,45886.27,45871.83,45877.82,0.81875
2021-08-13 06:44:33,45872.35,45877.82,45869.95,45871.75,0.361492
2021-08-13 06:44:34,45875.22,45884.0,45872.05,45884.0,1.287783
2021-08-13 06:44:35,45883.99,45884.0,45883.99,45883.99,0.183907
2021-08-13 06:44:36,45884.0,45887.81,45874.78,45876.87,1.498542
2021-08-13 06:44:37,45876.87,45888.34,45876.87,45884.0,0.17015
2021-08-13 06:44:38,45886.2,45895.8,45886.2,45888.15,1.722611
2021-08-13 06:44:39,45888.15,45896.68,45884.0,45886.23,0.345019
2021-08-13 06:44:40,45886.23,45893.3,45884.0,45884.01,1.48149
2021-08-13 06:44:41,45884.01,45884.01,45884.0,45884.01,0.581431
2021-08-13 06:44:42,45884.0,45907.5,45884.0,45907.5,2.38374
2021-08-13 06:44:43,45901.71,45907.5,45893.68,45900.0,1.506339
2021-08-13 06:44:44,45899.19,45899.19,45897.17,45897.17,0.368555
2021-08-13 06:44:45,45897.18,45900.0,45888.99,45891.54,2.968038
2021-08-13 06:44:46,45891.53,45893.49,45891.53,45891.65,0.341603
2021-08-13 06:44:47,45891.64,45906.73,45891.64,45898.12,0.896
2021-08-13 06:44:48,45898.11,45906.74,45897.2,45899.21,0.712252
2021-08-13 06:44:49,45899.21,45899.21,45891.64,45897.91,0.957612
2021-08-13 06:44:50,45892.18,45895.89,45889.13,45893.48,0.319139
2021-08-13 06:44:51,45893.48,45900.0,45893.48,45899.66,0.705572
2021-08-13 06:44:52,45899.65,45899.65,45891.65,45891.65,0.432469
2021-08-13 06:44:53,45891.65,45897.91,45886.26,45886.26,2.36815
2021-08-13 06:44:54,45886.65,45896.08,45886.65,45896.08,0.674386
2021-08-13 06:44:55,45896.08,45897.9,45893.49,45893.49,0.164447
2021-08-13 06:44:56,45894.28,45899.38,45894.28,45896.53,0.309239
2021-08-13 06:44:57,45897.0,45900.0,45896.02,45897.9,0.149953
2021-08-13 06:44:58,45897.9,45897.9,45893.66,45894.28,0.875693
2021-08-13 06:44:59,45896.65,45900.0,45894.28,45894.28,0.467725
2021-08-13 06:45:00,45894.29,45900.0,45886.26,45890.22,0.836467
2021-08-13 06:45:01,45890.22,45896.07,45890.22,45896.07,0.360188
2021-08-13 06:45:02,45896.07,45949.01,45890.22,45927.17,17.307721
2021-08-13 06:45:03,45916.82,45933.23,45913.63,45913.64,0.71462
2021-08-13 06:45:04,45913.63,45924.91,45911.15,45911.15,2.19904
2021-08-13 06:45:05,45911.15,45922.98,45911.15,45917.03,1.068069
2021-08-13 06:45:06,45917.03,45917.03,45911.91,45912.22,0.274775
2021-08-13 06:45:07,45912.22,45912.22,45912.2,45912.22,0.30556
2021-08-13 06:45:08,45917.03,45917.03,45912.21,45916.44,0.59881
2021-08-13 06:45:09,45913.54,45926.67,45913.54,45925.2,1.088262
2021-08-13 06:45:10,45925.2,45925.2,45920.59,45922.97,0.608853
2021-08-13 06:45:11,45922.96,45930.88,45917.45,45925.25,0.191053
2021-08-13 06:45:12,45925.25,45925.26,45904.39,45910.53,0.706061
2021-08-13 06:45:13,45919.92,45922.96,45910.51,45922.96,0.249828
2021-08-13 06:45:14,45913.67,45922.96,45904.0,45910.57,0.882218
2021-08-13 06:45:15,45910.57,45919.92,45910.57,45913.63,1.044215
2021-08-13 06:45:16,45913.64,45922.95,45913.64,45915.55,0.209704
2021-08-13 06:45:17,45920.0,45920.01,45894.28,45900.63,4.350377
2021-08-13 06:45:18,45895.1,45908.39,45895.1,45904.32,1.705997
2021-08-13 06:45:19,45897.99,45899.65,45894.0,45894.0,0.160824
2021-08-13 06:45:20,45896.31,45904.25,45894.0,45895.09,0.167915
2021-08-13 06:45:21,45902.29,45904.0,45893.69,45903.99,0.277795
2021-08-13 06:45:22,45903.99,45904.0,45891.0,45900.01,0.480907
2021-08-13 06:45:23,45900.0,45905.4,45891.01,45896.49,0.776107
2021-08-13 06:45:24,45896.48,45896.49,45890.23,45896.35,1.083053
2021-08-13 06:45:25,45896.35,45896.49,45896.35,45896.49,0.24115
2021-08-13 06:45:26,45896.49,45900.0,45896.48,45896.48,0.266193
2021-08-13 06:45:27,45896.49,45896.49,45893.1,45896.49,0.193427
2021-08-13 06:45:28,45896.48,45902.92,45892.82,45894.33,0.258477
2021-08-13 06:45:29,45896.49,45900.07,45891.67,45894.69,0.479056
2021-08-13 06:45:30,45894.69,45915.33,45891.16,45891.16,2.17299
2021-08-13 06:45:31,45893.44,45896.1,45893.43,45896.09,0.294031
2021-08-13 06:45:32,45896.09,45896.49,45890.25,45896.48,0.44308
2021-08-13 06:45:33,45894.66,45900.32,45890.25,45893.38,0.543695
2021-08-13 06:45:34,45893.67,45896.49,45890.24,45896.49,0.392404
2021-08-13 06:45:35,45894.1,45902.0,45890.22,45896.71,1.107905
2021-08-13 06:45:36,45896.7,45896.71,45896.49,45896.49,0.775913
2021-08-13 06:45:37,45896.49,45896.71,45896.49,45896.7,0.649132
2021-08-13 06:45:38,45896.7,45899.99,45896.49,45897.5,0.606933
2021-08-13 06:45:39,45896.51,45896.51,45896.49,45896.49,3.066242
2021-08-13 06:45:40,45896.49,45896.5,45896.49,45896.5,0.644815
2021-08-13 06:45:41,45896.49,45896.5,45890.58,45890.59,1.471284
2021-08-13 06:45:42,45890.23,45890.23,45880.71,45880.72,4.979728
2021-08-13 06:45:43,45880.71,45880.72,45871.0,45875.6,1.768736
2021-08-13 06:45:44,45874.49,45892.28,45869.95,45871.03,1.106621
2021-08-13 06:45:45,45871.02,45880.0,45866.97,45868.36,0.786478
2021-08-13 06:45:46,45876.75,45889.5,45868.84,45880.55,0.512321
2021-08-13 06:45:47,45880.55,45881.73,45872.88,45880.71,0.923021
2021-08-13 06:45:48,45876.55,45878.69,45867.0,45871.03,0.733691
2021-08-13 06:45:49,45871.04,45877.03,45864.28,45864.28,1.208065
2021-08-13 06:45:50,45869.81,45870.25,45864.44,45864.47,0.157258
2021-08-13 06:45:51,45864.47,45870.24,45860.01,45860.01,0.929512
2021-08-13 06:45:52,45860.01,45860.01,45850.0,45855.76,2.469444
2021-08-13 06:45:53,45852.66,45855.76,45835.37,45848.83,5.664307
2021-08-13 06:45:54,45848.82,45848.82,45824.35,45840.9,1.554092
2021-08-13 06:45:55,45830.17,45840.89,45820.99,45823.95,1.631216
2021-08-13 06:45:56,45836.45,45838.67,45823.97,45838.41,0.793876
2021-08-13 06:45:57,45835.16,45843.05,45829.3,45836.07,1.37022
2021-08-13 06:45:58,45837.95,45837.95,45813.11,45827.42,1.980748
2021-08-13 06:45:59,45827.42,45831.37,45818.87,45824.4,1.233723
2021-08-13 06:46:00,45824.4,45827.99,45815.4,45818.39,1.196468
2021-08-13 06:46:01,45818.4,45842.63,45818.39,45837.29,1.154343
2021-08-13 06:46:02,45842.51,45846.82,45827.99,45846.81,3.222201
2021-08-13 06:46:03,45846.81,45846.83,45835.74,45842.47,1.498222
2021-08-13 06:46:04,45846.02,45856.61,45846.02,45851.0,0.94509
2021-08-13 06:46:05,45851.0,45856.47,45842.48,45850.01,3.299723
2021-08-13 06:46:06,45843.74,45850.01,45842.49,45847.95,1.526399
2021-08-13 06:46:07,45847.95,45862.38,45847.95,45862.37,3.422559
2021-08-13 06:46:08,45862.37,45870.58,45856.65,45859.99,0.571425
2021-08-13 06:46:09,45859.99,45860.0,45859.99,45859.99,0.24733
2021-08-13 06:46:10,45859.99,45864.0,45859.99,45864.0,1.364359
2021-08-13 06:46:11,45864.0,45864.0,45833.0,45845.1,15.562816
2021-08-13 06:46:12,45846.12,45846.13,45838.7,45842.12,1.105045
2021-08-13 06:46:13,45842.14,45842.14,45823.77,45833.69,2.31776
2021-08-13 06:46:14,45833.69,45833.7,45829.86,45833.63,0.856528
2021-08-13 06:46:15,45833.7,45833.75,45817.43,45819.14,2.187432
2021-08-13 06:46:16,45831.3,45831.46,45817.43,45817.43,1.315208
2021-08-13 06:46:17,45823.35,45830.76,45816.23,45828.83,1.634253
2021-08-13 06:46:18,45828.83,45828.83,45807.17,45816.25,0.67427
2021-08-13 06:46:19,45816.25,45816.25,45799.35,45801.4,2.845912
2021-08-13 06:46:20,45801.41,45801.41,45777.78,45794.86,6.116917
2021-08-13 06:46:21,45797.48,45805.76,45794.6,45794.61,2.069713
2021-08-13 06:46:22,45794.61,45801.16,45791.33,45797.55,2.017589
2021-08-13 06:46:23,45797.55,45832.75,45793.03,45812.6,7.06701
2021-08-13 06:46:24,45809.27,45813.33,45798.61,45813.33,1.20492
2021-08-13 06:46:25,45813.33,45829.05,45808.53,45820.12,0.513473
2021-08-13 06:46:26,45820.12,45820.12,45790.19,45806.61,2.116889
2021-08-13 06:46:27,45806.61,45811.72,45793.33,45802.33,0.332704
2021-08-13 06:46:28,45802.33,45808.65,45799.99,45799.99,0.985063
2021-08-13 06:46:29,45800.0,45800.5,45791.75,45800.5,1.650957
2021-08-13 06:46:30,45804.81,45804.82,45793.95,45799.42,1.077765
2021-08-13 06:46:31,45798.04,45808.79,45795.06,45808.79,0.811078
2021-08-13 06:46:32,45808.79,45809.0,45800.0,45800.15,1.314099
2021-08-13 06:46:33,45808.23,45809.0,45793.06,45800.0,1.014811
2021-08-13 06:46:34,45796.44,45800.0,45796.44,45799.99,0.464967
2021-08-13 06:46:35,45800.0,45808.11,45797.25,45797.25,0.546959
2021-08-13 06:46:36,45807.42,45811.85,45807.42,45807.42,0.526264
2021-08-13 06:46:37,45807.43,45807.43,45796.1,45796.13,0.571491
2021-08-13 06:46:38,45796.13,45803.83,45791.98,45791.98,0.759971
2021-08-13 06:46:39,45794.6,45802.32,45792.99,45792.99,0.238393
